probe_id,split,included_in_main_eval,removed_by_expert_review,removed_by_targeted_revalidation,removed_by_expert_signoff,expert_signoff_status,exclusion_reason
pcp_core_000001,Core,true,false,false,false,not_applicable,
pcp_core_000002,Core,true,false,false,false,not_applicable,
pcp_core_000003,Core,true,false,false,false,not_applicable,
pcp_core_000004,Core,true,false,false,false,not_applicable,
pcp_core_000005,Core,true,false,false,false,not_applicable,
pcp_core_000006,Core,true,false,false,false,not_applicable,
pcp_core_000007,Core,true,false,false,false,not_applicable,
pcp_core_000008,Core,true,false,false,false,not_applicable,
pcp_core_000009,Core,true,false,false,false,not_applicable,
pcp_core_000010,Core,true,false,false,false,not_applicable,
pcp_core_000011,Core,true,false,false,false,not_applicable,
pcp_core_000012,Core,true,false,false,false,not_applicable,
pcp_core_000013,Core,true,false,false,false,not_applicable,
pcp_core_000014,Core,true,false,false,false,not_applicable,
pcp_core_000015,Core,true,false,false,false,not_applicable,
pcp_core_000016,Core,true,false,false,false,not_applicable,
pcp_core_000017,Core,true,false,false,false,not_applicable,
pcp_core_000018,Core,true,false,false,false,not_applicable,
pcp_core_000019,Core,true,false,false,false,not_applicable,
pcp_core_000020,Core,true,false,false,false,not_applicable,
pcp_core_000021,Core,true,false,false,false,not_applicable,
pcp_core_000022,Core,true,false,false,false,not_applicable,
pcp_core_000023,Core,true,false,false,false,not_applicable,
pcp_core_000024,Core,true,false,false,false,not_applicable,
pcp_core_000025,Core,true,false,false,false,not_applicable,
pcp_core_000026,Core,true,false,false,false,not_applicable,
pcp_core_000027,Core,true,false,false,false,not_applicable,
pcp_core_000028,Core,true,false,false,false,not_applicable,
pcp_core_000029,Core,true,false,false,false,not_applicable,
pcp_core_000030,Core,true,false,false,false,not_applicable,
pcp_core_000031,Core,true,false,false,false,not_applicable,
pcp_core_000032,Core,true,false,false,false,not_applicable,
pcp_core_000033,Core,true,false,false,false,not_applicable,
pcp_core_000034,Core,true,false,false,false,not_applicable,
pcp_core_000035,Core,true,false,false,false,not_applicable,
pcp_core_000036,Core,true,false,false,false,not_applicable,
pcp_core_000037,Core,true,false,false,false,not_applicable,
pcp_core_000038,Core,true,false,false,false,not_applicable,
pcp_core_000039,Core,true,false,false,false,not_applicable,
pcp_core_000040,Core,true,false,false,false,not_applicable,
pcp_core_000041,Core,true,false,false,false,not_applicable,
pcp_core_000042,Core,true,false,false,false,not_applicable,
pcp_core_000043,Core,true,false,false,false,not_applicable,
pcp_core_000044,Core,true,false,false,false,not_applicable,
pcp_core_000045,Core,true,false,false,false,not_applicable,
pcp_core_000046,Core,true,false,false,false,not_applicable,
pcp_core_000047,Core,true,false,false,false,not_applicable,
pcp_core_000048,Core,true,false,false,false,not_applicable,
pcp_core_000049,Core,true,false,false,false,not_applicable,
pcp_core_000050,Core,true,false,false,false,not_applicable,
pcp_core_000051,Core,true,false,false,false,not_applicable,
pcp_core_000052,Core,true,false,false,false,not_applicable,
pcp_core_000053,Core,true,false,false,false,not_applicable,
pcp_core_000054,Core,true,false,false,false,not_applicable,
pcp_core_000055,Core,true,false,false,false,not_applicable,
pcp_core_000056,Core,true,false,false,false,not_applicable,
pcp_core_000057,Core,true,false,false,false,not_applicable,
pcp_core_000058,Core,true,false,false,false,not_applicable,
pcp_core_000059,Core,true,false,false,false,not_applicable,
pcp_core_000060,Core,true,false,false,false,not_applicable,
pcp_core_000061,Core,true,false,false,false,not_applicable,
pcp_core_000062,Core,true,false,false,false,not_applicable,
pcp_core_000063,Core,true,false,false,false,not_applicable,
pcp_core_000064,Core,true,false,false,false,not_applicable,
pcp_core_000065,Core,true,false,false,false,not_applicable,
pcp_core_000066,Core,true,false,false,false,not_applicable,
pcp_core_000067,Core,true,false,false,false,not_applicable,
pcp_core_000068,Core,true,false,false,false,not_applicable,
pcp_core_000069,Core,true,false,false,false,not_applicable,
pcp_core_000070,Core,true,false,false,false,not_applicable,
pcp_core_000071,Core,true,false,false,false,not_applicable,
pcp_core_000072,Core,true,false,false,false,not_applicable,
pcp_core_000073,Core,true,false,false,false,not_applicable,
pcp_core_000074,Core,true,false,false,false,not_applicable,
pcp_core_000075,Core,true,false,false,false,not_applicable,
pcp_core_000076,Core,true,false,false,false,not_applicable,
pcp_core_000077,Core,true,false,false,false,not_applicable,
pcp_core_000078,Core,true,false,false,false,not_applicable,
pcp_core_000079,Core,true,false,false,false,not_applicable,
pcp_core_000080,Core,true,false,false,false,not_applicable,
pcp_core_000081,Core,true,false,false,false,not_applicable,
pcp_core_000082,Core,true,false,false,false,not_applicable,
pcp_core_000083,Core,true,false,false,false,not_applicable,
pcp_core_000084,Core,true,false,false,false,not_applicable,
pcp_core_000085,Core,true,false,false,false,not_applicable,
pcp_core_000086,Core,true,false,false,false,not_applicable,
pcp_core_000087,Core,true,false,false,false,not_applicable,
pcp_core_000088,Core,true,false,false,false,not_applicable,
pcp_core_000089,Core,true,false,false,false,not_applicable,
pcp_core_000090,Core,true,false,false,false,not_applicable,
pcp_core_000091,Core,true,false,false,false,not_applicable,
pcp_core_000092,Core,true,false,false,false,not_applicable,
pcp_core_000093,Core,true,false,false,false,not_applicable,
pcp_core_000094,Core,true,false,false,false,not_applicable,
pcp_core_000095,Core,true,false,false,false,not_applicable,
pcp_core_000096,Core,true,false,false,false,not_applicable,
pcp_core_000097,Core,true,false,false,false,not_applicable,
pcp_core_000098,Core,true,false,false,false,not_applicable,
pcp_core_000099,Core,true,false,false,false,not_applicable,
pcp_core_000100,Core,true,false,false,false,not_applicable,
pcp_core_000101,Core,true,false,false,false,not_applicable,
pcp_core_000102,Core,true,false,false,false,not_applicable,
pcp_core_000103,Core,true,false,false,false,not_applicable,
pcp_core_000104,Core,true,false,false,false,not_applicable,
pcp_core_000105,Core,true,false,false,false,not_applicable,
pcp_core_000106,Core,true,false,false,false,not_applicable,
pcp_core_000107,Core,true,false,false,false,not_applicable,
pcp_core_000108,Core,true,false,false,false,not_applicable,
pcp_core_000109,Core,true,false,false,false,not_applicable,
pcp_core_000110,Core,true,false,false,false,not_applicable,
pcp_core_000111,Core,true,false,false,false,not_applicable,
pcp_core_000112,Core,true,false,false,false,not_applicable,
pcp_core_000113,Core,true,false,false,false,not_applicable,
pcp_core_000114,Core,true,false,false,false,not_applicable,
pcp_core_000115,Core,true,false,false,false,not_applicable,
pcp_core_000116,Core,true,false,false,false,not_applicable,
pcp_core_000117,Core,true,false,false,false,not_applicable,
pcp_core_000118,Core,true,false,false,false,not_applicable,
pcp_core_000119,Core,true,false,false,false,not_applicable,
pcp_core_000120,Core,true,false,false,false,not_applicable,
pcp_core_000121,Core,true,false,false,false,not_applicable,
pcp_core_000122,Core,true,false,false,false,not_applicable,
pcp_core_000123,Core,true,false,false,false,not_applicable,
pcp_core_000124,Core,true,false,false,false,not_applicable,
pcp_core_000125,Core,true,false,false,false,not_applicable,
pcp_core_000126,Core,true,false,false,false,not_applicable,
pcp_core_000127,Core,true,false,false,false,not_applicable,
pcp_core_000128,Core,true,false,false,false,not_applicable,
pcp_core_000129,Core,true,false,false,false,not_applicable,
pcp_core_000130,Core,true,false,false,false,not_applicable,
pcp_core_000131,Core,true,false,false,false,not_applicable,
pcp_core_000132,Core,true,false,false,false,not_applicable,
pcp_core_000133,Core,true,false,false,false,not_applicable,
pcp_core_000134,Core,true,false,false,false,not_applicable,
pcp_core_000135,Core,true,false,false,false,not_applicable,
pcp_core_000136,Core,true,false,false,false,not_applicable,
pcp_core_000137,Core,true,false,false,false,not_applicable,
pcp_core_000138,Core,true,false,false,false,not_applicable,
pcp_core_000139,Core,true,false,false,false,not_applicable,
pcp_core_000140,Core,true,false,false,false,not_applicable,
pcp_core_000141,Core,true,false,false,false,not_applicable,
pcp_core_000142,Core,true,false,false,false,not_applicable,
pcp_core_000143,Core,true,false,false,false,not_applicable,
pcp_core_000144,Core,true,false,false,false,not_applicable,
pcp_core_000145,Core,true,false,false,false,not_applicable,
pcp_core_000146,Core,true,false,false,false,not_applicable,
pcp_core_000147,Core,true,false,false,false,not_applicable,
pcp_core_000148,Core,true,false,false,false,not_applicable,
pcp_core_000149,Core,true,false,false,false,not_applicable,
pcp_core_000150,Core,true,false,false,false,not_applicable,
pcp_core_000151,Core,true,false,false,false,not_applicable,
pcp_core_000152,Core,true,false,false,false,not_applicable,
pcp_core_000153,Core,true,false,false,false,not_applicable,
pcp_core_000154,Core,true,false,false,false,not_applicable,
pcp_core_000155,Core,true,false,false,false,not_applicable,
pcp_core_000156,Core,true,false,false,false,not_applicable,
pcp_core_000157,Core,true,false,false,false,not_applicable,
pcp_core_000158,Core,true,false,false,false,not_applicable,
pcp_core_000159,Core,true,false,false,false,not_applicable,
pcp_core_000160,Core,true,false,false,false,not_applicable,
pcp_core_000161,Core,true,false,false,false,not_applicable,
pcp_core_000162,Core,true,false,false,false,not_applicable,
pcp_core_000163,Core,true,false,false,false,not_applicable,
pcp_core_000164,Core,true,false,false,false,not_applicable,
pcp_core_000165,Core,true,false,false,false,not_applicable,
pcp_core_000166,Core,true,false,false,false,not_applicable,
pcp_core_000167,Core,true,false,false,false,not_applicable,
pcp_core_000168,Core,true,false,false,false,not_applicable,
pcp_core_000169,Core,true,false,false,false,not_applicable,
pcp_core_000170,Core,true,false,false,false,not_applicable,
pcp_core_000171,Core,true,false,false,false,not_applicable,
pcp_core_000172,Core,true,false,false,false,not_applicable,
pcp_core_000173,Core,true,false,false,false,not_applicable,
pcp_core_000174,Core,true,false,false,false,not_applicable,
pcp_core_000175,Core,true,false,false,false,not_applicable,
pcp_core_000176,Core,true,false,false,false,not_applicable,
pcp_core_000177,Core,true,false,false,false,not_applicable,
pcp_core_000178,Core,true,false,false,false,not_applicable,
pcp_core_000179,Core,true,false,false,false,not_applicable,
pcp_core_000180,Core,true,false,false,false,not_applicable,
pcp_core_000181,Core,true,false,false,false,not_applicable,
pcp_core_000182,Core,true,false,false,false,not_applicable,
pcp_core_000183,Core,true,false,false,false,not_applicable,
pcp_core_000184,Core,true,false,false,false,not_applicable,
pcp_core_000185,Core,true,false,false,false,not_applicable,
pcp_core_000186,Core,true,false,false,false,not_applicable,
pcp_core_000187,Core,true,false,false,false,not_applicable,
pcp_core_000188,Core,true,false,false,false,not_applicable,
pcp_core_000189,Core,true,false,false,false,not_applicable,
pcp_core_000190,Core,true,false,false,false,not_applicable,
pcp_core_000191,Core,true,false,false,false,not_applicable,
pcp_core_000192,Core,true,false,false,false,not_applicable,
pcp_core_000193,Core,true,false,false,false,not_applicable,
pcp_core_000194,Core,true,false,false,false,not_applicable,
pcp_core_000195,Core,true,false,false,false,not_applicable,
pcp_core_000196,Core,true,false,false,false,not_applicable,
pcp_core_000197,Core,true,false,false,false,not_applicable,
pcp_core_000198,Core,true,false,false,false,not_applicable,
pcp_core_000199,Core,true,false,false,false,not_applicable,
pcp_core_000200,Core,true,false,false,false,not_applicable,
pcp_core_000201,Core,true,false,false,false,not_applicable,
pcp_core_000202,Core,true,false,false,false,not_applicable,
pcp_core_000203,Core,true,false,false,false,not_applicable,
pcp_core_000204,Core,true,false,false,false,not_applicable,
pcp_core_000205,Core,true,false,false,false,not_applicable,
pcp_core_000206,Core,true,false,false,false,not_applicable,
pcp_core_000207,Core,true,false,false,false,not_applicable,
pcp_core_000208,Core,true,false,false,false,not_applicable,
pcp_core_000209,Core,true,false,false,false,not_applicable,
pcp_core_000210,Core,true,false,false,false,not_applicable,
pcp_core_000211,Core,true,false,false,false,not_applicable,
pcp_core_000212,Core,true,false,false,false,not_applicable,
pcp_core_000213,Core,true,false,false,false,not_applicable,
pcp_core_000214,Core,true,false,false,false,not_applicable,
pcp_core_000215,Core,true,false,false,false,not_applicable,
pcp_core_000216,Core,true,false,false,false,not_applicable,
pcp_core_000217,Core,true,false,false,false,not_applicable,
pcp_core_000218,Core,true,false,false,false,not_applicable,
pcp_core_000219,Core,true,false,false,false,not_applicable,
pcp_core_000220,Core,true,false,false,false,not_applicable,
pcp_core_000221,Core,true,false,false,false,not_applicable,
pcp_core_000222,Core,true,false,false,false,not_applicable,
pcp_core_000223,Core,true,false,false,false,not_applicable,
pcp_core_000224,Core,true,false,false,false,not_applicable,
pcp_core_000225,Core,true,false,false,false,not_applicable,
pcp_core_000226,Core,true,false,false,false,not_applicable,
pcp_core_000227,Core,true,false,false,false,not_applicable,
pcp_core_000228,Core,true,false,false,false,not_applicable,
pcp_core_000229,Core,true,false,false,false,not_applicable,
pcp_core_000230,Core,true,false,false,false,not_applicable,
pcp_core_000231,Core,true,false,false,false,not_applicable,
pcp_core_000232,Core,true,false,false,false,not_applicable,
pcp_core_000233,Core,true,false,false,false,not_applicable,
pcp_core_000234,Core,true,false,false,false,not_applicable,
pcp_core_000235,Core,true,false,false,false,not_applicable,
pcp_core_000236,Core,true,false,false,false,not_applicable,
pcp_core_000237,Core,true,false,false,false,not_applicable,
pcp_core_000238,Core,true,false,false,false,not_applicable,
pcp_core_000239,Core,true,false,false,false,not_applicable,
pcp_core_000240,Core,true,false,false,false,not_applicable,
pcp_core_000241,Core,true,false,false,false,not_applicable,
pcp_core_000242,Core,true,false,false,false,not_applicable,
pcp_core_000243,Core,true,false,false,false,not_applicable,
pcp_core_000244,Core,true,false,false,false,not_applicable,
pcp_core_000245,Core,true,false,false,false,not_applicable,
pcp_core_000246,Core,true,false,false,false,not_applicable,
pcp_core_000247,Core,true,false,false,false,not_applicable,
pcp_core_000248,Core,true,false,false,false,not_applicable,
pcp_core_000249,Core,true,false,false,false,not_applicable,
pcp_core_000250,Core,true,false,false,false,not_applicable,
pcp_core_000251,Core,true,false,false,false,not_applicable,
pcp_core_000252,Core,true,false,false,false,not_applicable,
pcp_core_000253,Core,true,false,false,false,not_applicable,
pcp_core_000254,Core,true,false,false,false,not_applicable,
pcp_core_000255,Core,true,false,false,false,not_applicable,
pcp_core_000256,Core,true,false,false,false,not_applicable,
pcp_core_000257,Core,true,false,false,false,not_applicable,
pcp_core_000258,Core,true,false,false,false,not_applicable,
pcp_core_000259,Core,true,false,false,false,not_applicable,
pcp_core_000260,Core,true,false,false,false,not_applicable,
pcp_core_000261,Core,true,false,false,false,not_applicable,
pcp_core_000262,Core,true,false,false,false,not_applicable,
pcp_core_000263,Core,true,false,false,false,not_applicable,
pcp_core_000264,Core,true,false,false,false,not_applicable,
pcp_core_000265,Core,true,false,false,false,not_applicable,
pcp_core_000266,Core,true,false,false,false,not_applicable,
pcp_core_000267,Core,true,false,false,false,not_applicable,
pcp_core_000268,Core,true,false,false,false,not_applicable,
pcp_core_000269,Core,true,false,false,false,not_applicable,
pcp_core_000270,Core,true,false,false,false,not_applicable,
pcp_core_000271,Core,true,false,false,false,not_applicable,
pcp_core_000272,Core,true,false,false,false,not_applicable,
pcp_core_000273,Core,true,false,false,false,not_applicable,
pcp_core_000274,Core,true,false,false,false,not_applicable,
pcp_core_000275,Core,true,false,false,false,not_applicable,
pcp_core_000276,Core,true,false,false,false,not_applicable,
pcp_core_000277,Core,true,false,false,false,not_applicable,
pcp_core_000278,Core,true,false,false,false,not_applicable,
pcp_core_000279,Core,true,false,false,false,not_applicable,
pcp_core_000280,Core,true,false,false,false,not_applicable,
pcp_core_000281,Core,true,false,false,false,not_applicable,
pcp_core_000282,Core,true,false,false,false,not_applicable,
pcp_core_000283,Core,true,false,false,false,not_applicable,
pcp_core_000284,Core,true,false,false,false,not_applicable,
pcp_core_000285,Core,true,false,false,false,not_applicable,
pcp_core_000286,Core,true,false,false,false,not_applicable,
pcp_core_000287,Core,true,false,false,false,not_applicable,
pcp_core_000288,Core,true,false,false,false,not_applicable,
pcp_core_000289,Core,true,false,false,false,not_applicable,
pcp_core_000290,Core,true,false,false,false,not_applicable,
pcp_core_000291,Core,true,false,false,false,not_applicable,
pcp_core_000292,Core,true,false,false,false,not_applicable,
pcp_core_000293,Core,true,false,false,false,not_applicable,
pcp_core_000294,Core,true,false,false,false,not_applicable,
pcp_core_000295,Core,true,false,false,false,not_applicable,
pcp_core_000296,Core,true,false,false,false,not_applicable,
pcp_core_000297,Core,true,false,false,false,not_applicable,
pcp_core_000298,Core,true,false,false,false,not_applicable,
pcp_core_000299,Core,true,false,false,false,not_applicable,
pcp_core_000300,Core,true,false,false,false,not_applicable,
pcp_core_000301,Core,true,false,false,false,not_applicable,
pcp_core_000302,Core,true,false,false,false,not_applicable,
pcp_core_000303,Core,true,false,false,false,not_applicable,
pcp_core_000304,Core,true,false,false,false,not_applicable,
pcp_core_000305,Core,true,false,false,false,not_applicable,
pcp_core_000306,Core,true,false,false,false,not_applicable,
pcp_core_000307,Core,true,false,false,false,not_applicable,
pcp_core_000308,Core,true,false,false,false,not_applicable,
pcp_core_000309,Core,true,false,false,false,not_applicable,
pcp_core_000310,Core,true,false,false,false,not_applicable,
pcp_core_000311,Core,true,false,false,false,not_applicable,
pcp_core_000312,Core,true,false,false,false,not_applicable,
pcp_core_000313,Core,true,false,false,false,not_applicable,
pcp_core_000314,Core,true,false,false,false,not_applicable,
pcp_core_000315,Core,true,false,false,false,not_applicable,
pcp_core_000316,Core,true,false,false,false,not_applicable,
pcp_core_000317,Core,true,false,false,false,not_applicable,
pcp_core_000318,Core,true,false,false,false,not_applicable,
pcp_core_000319,Core,true,false,false,false,not_applicable,
pcp_core_000320,Core,true,false,false,false,not_applicable,
pcp_core_000321,Core,true,false,false,false,not_applicable,
pcp_core_000322,Core,true,false,false,false,not_applicable,
pcp_core_000323,Core,true,false,false,false,not_applicable,
pcp_core_000324,Core,true,false,false,false,not_applicable,
pcp_core_000325,Core,true,false,false,false,not_applicable,
pcp_core_000326,Core,true,false,false,false,not_applicable,
pcp_core_000327,Core,true,false,false,false,not_applicable,
pcp_core_000328,Core,true,false,false,false,not_applicable,
pcp_core_000329,Core,true,false,false,false,not_applicable,
pcp_core_000330,Core,true,false,false,false,not_applicable,
pcp_core_000331,Core,true,false,false,false,not_applicable,
pcp_core_000332,Core,true,false,false,false,not_applicable,
pcp_core_000333,Core,true,false,false,false,not_applicable,
pcp_core_000334,Core,true,false,false,false,not_applicable,
pcp_core_000335,Core,true,false,false,false,not_applicable,
pcp_core_000336,Core,true,false,false,false,not_applicable,
pcp_core_000337,Core,true,false,false,false,not_applicable,
pcp_core_000338,Core,true,false,false,false,not_applicable,
pcp_core_000339,Core,true,false,false,false,not_applicable,
pcp_core_000340,Core,true,false,false,false,not_applicable,
pcp_core_000341,Core,true,false,false,false,not_applicable,
pcp_core_000342,Core,true,false,false,false,not_applicable,
pcp_core_000343,Core,true,false,false,false,not_applicable,
pcp_core_000344,Core,true,false,false,false,not_applicable,
pcp_core_000345,Core,true,false,false,false,not_applicable,
pcp_core_000346,Core,true,false,false,false,not_applicable,
pcp_core_000347,Core,true,false,false,false,not_applicable,
pcp_core_000348,Core,true,false,false,false,not_applicable,
pcp_core_000349,Core,true,false,false,false,not_applicable,
pcp_core_000350,Core,true,false,false,false,not_applicable,
pcp_core_000351,Core,true,false,false,false,not_applicable,
pcp_core_000352,Core,true,false,false,false,not_applicable,
pcp_core_000353,Core,true,false,false,false,not_applicable,
pcp_core_000354,Core,true,false,false,false,not_applicable,
pcp_core_000355,Core,true,false,false,false,not_applicable,
pcp_core_000356,Core,true,false,false,false,not_applicable,
pcp_core_000357,Core,true,false,false,false,not_applicable,
pcp_core_000358,Core,true,false,false,false,not_applicable,
pcp_core_000359,Core,true,false,false,false,not_applicable,
pcp_core_000360,Core,true,false,false,false,not_applicable,
pcp_core_000361,Core,true,false,false,false,not_applicable,
pcp_core_000362,Core,true,false,false,false,not_applicable,
pcp_core_000363,Core,true,false,false,false,not_applicable,
pcp_core_000364,Core,true,false,false,false,not_applicable,
pcp_core_000365,Core,true,false,false,false,not_applicable,
pcp_core_000366,Core,true,false,false,false,not_applicable,
pcp_core_000367,Core,true,false,false,false,not_applicable,
pcp_core_000368,Core,true,false,false,false,not_applicable,
pcp_core_000369,Core,true,false,false,false,not_applicable,
pcp_core_000370,Core,true,false,false,false,not_applicable,
pcp_core_000371,Core,true,false,false,false,not_applicable,
pcp_core_000372,Core,true,false,false,false,not_applicable,
pcp_core_000373,Core,true,false,false,false,not_applicable,
pcp_core_000374,Core,true,false,false,false,not_applicable,
pcp_core_000375,Core,true,false,false,false,not_applicable,
pcp_core_000376,Core,true,false,false,false,not_applicable,
pcp_core_000377,Core,true,false,false,false,not_applicable,
pcp_core_000378,Core,true,false,false,false,not_applicable,
pcp_core_000379,Core,true,false,false,false,not_applicable,
pcp_core_000380,Core,true,false,false,false,not_applicable,
pcp_core_000381,Core,true,false,false,false,not_applicable,
pcp_core_000382,Core,true,false,false,false,not_applicable,
pcp_core_000383,Core,true,false,false,false,not_applicable,
pcp_core_000384,Core,true,false,false,false,not_applicable,
pcp_core_000385,Core,true,false,false,false,not_applicable,
pcp_core_000386,Core,true,false,false,false,not_applicable,
pcp_core_000387,Core,true,false,false,false,not_applicable,
pcp_core_000388,Core,true,false,false,false,not_applicable,
pcp_core_000389,Core,true,false,false,false,not_applicable,
pcp_core_000390,Core,true,false,false,false,not_applicable,
pcp_core_000391,Core,true,false,false,false,not_applicable,
pcp_core_000392,Core,true,false,false,false,not_applicable,
pcp_core_000393,Core,true,false,false,false,not_applicable,
pcp_core_000394,Core,true,false,false,false,not_applicable,
pcp_core_000395,Core,true,false,false,false,not_applicable,
pcp_core_000396,Core,true,false,false,false,not_applicable,
pcp_core_000397,Core,true,false,false,false,not_applicable,
pcp_core_000398,Core,true,false,false,false,not_applicable,
pcp_core_000399,Core,true,false,false,false,not_applicable,
pcp_core_000400,Core,true,false,false,false,not_applicable,
pcp_core_000401,Core,true,false,false,false,not_applicable,
pcp_core_000402,Core,true,false,false,false,not_applicable,
pcp_core_000403,Core,true,false,false,false,not_applicable,
pcp_core_000404,Core,true,false,false,false,not_applicable,
pcp_core_000405,Core,true,false,false,false,not_applicable,
pcp_core_000406,Core,true,false,false,false,not_applicable,
pcp_core_000407,Core,true,false,false,false,not_applicable,
pcp_core_000408,Core,true,false,false,false,not_applicable,
pcp_core_000409,Core,true,false,false,false,not_applicable,
pcp_core_000410,Core,true,false,false,false,not_applicable,
pcp_core_000411,Core,true,false,false,false,not_applicable,
pcp_core_000412,Core,true,false,false,false,not_applicable,
pcp_core_000413,Core,true,false,false,false,not_applicable,
pcp_core_000414,Core,true,false,false,false,not_applicable,
pcp_core_000415,Core,true,false,false,false,not_applicable,
pcp_core_000416,Core,true,false,false,false,not_applicable,
pcp_core_000417,Core,true,false,false,false,not_applicable,
pcp_core_000418,Core,true,false,false,false,not_applicable,
pcp_core_000419,Core,true,false,false,false,not_applicable,
pcp_core_000420,Core,true,false,false,false,not_applicable,
pcp_core_000421,Core,true,false,false,false,not_applicable,
pcp_core_000422,Core,true,false,false,false,not_applicable,
pcp_core_000423,Core,true,false,false,false,not_applicable,
pcp_core_000424,Core,true,false,false,false,not_applicable,
pcp_core_000425,Core,true,false,false,false,not_applicable,
pcp_core_000426,Core,true,false,false,false,not_applicable,
pcp_core_000427,Core,true,false,false,false,not_applicable,
pcp_core_000428,Core,true,false,false,false,not_applicable,
pcp_core_000429,Core,true,false,false,false,not_applicable,
pcp_core_000430,Core,true,false,false,false,not_applicable,
pcp_core_000431,Core,true,false,false,false,not_applicable,
pcp_core_000432,Core,true,false,false,false,not_applicable,
pcp_core_000433,Core,true,false,false,false,not_applicable,
pcp_core_000434,Core,true,false,false,false,not_applicable,
pcp_core_000435,Core,true,false,false,false,not_applicable,
pcp_core_000436,Core,true,false,false,false,not_applicable,
pcp_core_000437,Core,true,false,false,false,not_applicable,
pcp_core_000438,Core,true,false,false,false,not_applicable,
pcp_core_000439,Core,true,false,false,false,not_applicable,
pcp_core_000440,Core,true,false,false,false,not_applicable,
pcp_core_000441,Core,true,false,false,false,not_applicable,
pcp_core_000442,Core,true,false,false,false,not_applicable,
pcp_core_000443,Core,true,false,false,false,not_applicable,
pcp_core_000444,Core,true,false,false,false,not_applicable,
pcp_core_000445,Core,true,false,false,false,not_applicable,
pcp_core_000446,Core,true,false,false,false,not_applicable,
pcp_core_000447,Core,true,false,false,false,not_applicable,
pcp_core_000448,Core,true,false,false,false,not_applicable,
pcp_core_000449,Core,true,false,false,false,not_applicable,
pcp_core_000450,Core,true,false,false,false,not_applicable,
pcp_core_000451,Core,true,false,false,false,not_applicable,
pcp_core_000452,Core,true,false,false,false,not_applicable,
pcp_core_000453,Core,true,false,false,false,not_applicable,
pcp_core_000454,Core,true,false,false,false,not_applicable,
pcp_core_000455,Core,true,false,false,false,not_applicable,
pcp_core_000456,Core,true,false,false,false,not_applicable,
pcp_core_000457,Core,true,false,false,false,not_applicable,
pcp_core_000458,Core,true,false,false,false,not_applicable,
pcp_core_000459,Core,true,false,false,false,not_applicable,
pcp_core_000460,Core,true,false,false,false,not_applicable,
pcp_core_000461,Core,true,false,false,false,not_applicable,
pcp_core_000462,Core,true,false,false,false,not_applicable,
pcp_core_000463,Core,true,false,false,false,not_applicable,
pcp_core_000464,Core,true,false,false,false,not_applicable,
pcp_core_000465,Core,true,false,false,false,not_applicable,
pcp_core_000466,Core,true,false,false,false,not_applicable,
pcp_core_000467,Core,true,false,false,false,not_applicable,
pcp_core_000468,Core,true,false,false,false,not_applicable,
pcp_core_000469,Core,true,false,false,false,not_applicable,
pcp_core_000470,Core,true,false,false,false,not_applicable,
pcp_core_000471,Core,true,false,false,false,not_applicable,
pcp_core_000472,Core,true,false,false,false,not_applicable,
pcp_core_000473,Core,true,false,false,false,not_applicable,
pcp_core_000474,Core,true,false,false,false,not_applicable,
pcp_core_000475,Core,true,false,false,false,not_applicable,
pcp_core_000476,Core,true,false,false,false,not_applicable,
pcp_core_000477,Core,true,false,false,false,not_applicable,
pcp_core_000478,Core,true,false,false,false,not_applicable,
pcp_core_000479,Core,true,false,false,false,not_applicable,
pcp_core_000480,Core,true,false,false,false,not_applicable,
pcp_core_000481,Core,true,false,false,false,not_applicable,
pcp_core_000482,Core,true,false,false,false,not_applicable,
pcp_core_000483,Core,true,false,false,false,not_applicable,
pcp_core_000484,Core,true,false,false,false,not_applicable,
pcp_core_000485,Core,true,false,false,false,not_applicable,
pcp_core_000486,Core,true,false,false,false,not_applicable,
pcp_core_000487,Core,true,false,false,false,not_applicable,
pcp_core_000488,Core,true,false,false,false,not_applicable,
pcp_core_000489,Core,true,false,false,false,not_applicable,
pcp_core_000490,Core,true,false,false,false,not_applicable,
pcp_core_000491,Core,true,false,false,false,not_applicable,
pcp_core_000492,Core,true,false,false,false,not_applicable,
pcp_core_000493,Core,true,false,false,false,not_applicable,
pcp_core_000494,Core,true,false,false,false,not_applicable,
pcp_core_000495,Core,true,false,false,false,not_applicable,
pcp_core_000496,Core,true,false,false,false,not_applicable,
pcp_core_000497,Core,true,false,false,false,not_applicable,
pcp_core_000498,Core,true,false,false,false,not_applicable,
pcp_core_000499,Core,true,false,false,false,not_applicable,
pcp_core_000500,Core,true,false,false,false,not_applicable,
pcp_core_000501,Core,true,false,false,false,not_applicable,
pcp_core_000502,Core,true,false,false,false,not_applicable,
pcp_core_000503,Core,true,false,false,false,not_applicable,
pcp_core_000504,Core,true,false,false,false,not_applicable,
pcp_core_000505,Core,true,false,false,false,not_applicable,
pcp_core_000506,Core,true,false,false,false,not_applicable,
pcp_core_000507,Core,true,false,false,false,not_applicable,
pcp_core_000508,Core,true,false,false,false,not_applicable,
pcp_core_000509,Core,true,false,false,false,not_applicable,
pcp_core_000510,Core,true,false,false,false,not_applicable,
pcp_core_000511,Core,true,false,false,false,not_applicable,
pcp_core_000512,Core,true,false,false,false,not_applicable,
pcp_core_000513,Core,true,false,false,false,not_applicable,
pcp_core_000514,Core,true,false,false,false,not_applicable,
pcp_core_000515,Core,true,false,false,false,not_applicable,
pcp_core_000516,Core,true,false,false,false,not_applicable,
pcp_core_000517,Core,true,false,false,false,not_applicable,
pcp_core_000518,Core,true,false,false,false,not_applicable,
pcp_core_000519,Core,true,false,false,false,not_applicable,
pcp_core_000520,Core,true,false,false,false,not_applicable,
pcp_core_000521,Core,true,false,false,false,not_applicable,
pcp_core_000522,Core,true,false,false,false,not_applicable,
pcp_core_000523,Core,true,false,false,false,not_applicable,
pcp_core_000524,Core,true,false,false,false,not_applicable,
pcp_core_000525,Core,true,false,false,false,not_applicable,
pcp_core_000526,Core,true,false,false,false,not_applicable,
pcp_core_000527,Core,true,false,false,false,not_applicable,
pcp_core_000528,Core,true,false,false,false,not_applicable,
pcp_core_000529,Core,true,false,false,false,not_applicable,
pcp_core_000530,Core,true,false,false,false,not_applicable,
pcp_core_000531,Core,true,false,false,false,not_applicable,
pcp_core_000532,Core,true,false,false,false,not_applicable,
pcp_core_000533,Core,true,false,false,false,not_applicable,
pcp_core_000534,Core,true,false,false,false,not_applicable,
pcp_core_000535,Core,true,false,false,false,not_applicable,
pcp_core_000536,Core,true,false,false,false,not_applicable,
pcp_core_000537,Core,true,false,false,false,not_applicable,
pcp_core_000538,Core,true,false,false,false,not_applicable,
pcp_core_000539,Core,true,false,false,false,not_applicable,
pcp_core_000540,Core,true,false,false,false,not_applicable,
pcp_core_000541,Core,true,false,false,false,not_applicable,
pcp_core_000542,Core,true,false,false,false,not_applicable,
pcp_core_000543,Core,true,false,false,false,not_applicable,
pcp_core_000544,Core,true,false,false,false,not_applicable,
pcp_core_000545,Core,true,false,false,false,not_applicable,
pcp_core_000546,Core,true,false,false,false,not_applicable,
pcp_core_000547,Core,true,false,false,false,not_applicable,
pcp_core_000548,Core,true,false,false,false,not_applicable,
pcp_core_000549,Core,true,false,false,false,not_applicable,
pcp_core_000550,Core,true,false,false,false,not_applicable,
pcp_core_000551,Core,true,false,false,false,not_applicable,
pcp_core_000552,Core,true,false,false,false,not_applicable,
pcp_core_000553,Core,true,false,false,false,not_applicable,
pcp_core_000554,Core,true,false,false,false,not_applicable,
pcp_core_000555,Core,true,false,false,false,not_applicable,
pcp_core_000556,Core,true,false,false,false,not_applicable,
pcp_core_000557,Core,true,false,false,false,not_applicable,
pcp_core_000558,Core,true,false,false,false,not_applicable,
pcp_core_000559,Core,true,false,false,false,not_applicable,
pcp_core_000560,Core,true,false,false,false,not_applicable,
pcp_core_000561,Core,true,false,false,false,not_applicable,
pcp_core_000562,Core,true,false,false,false,not_applicable,
pcp_core_000563,Core,true,false,false,false,not_applicable,
pcp_core_000564,Core,true,false,false,false,not_applicable,
pcp_core_000565,Core,true,false,false,false,not_applicable,
pcp_core_000566,Core,true,false,false,false,not_applicable,
pcp_core_000567,Core,true,false,false,false,not_applicable,
pcp_core_000568,Core,true,false,false,false,not_applicable,
pcp_core_000569,Core,true,false,false,false,not_applicable,
pcp_core_000570,Core,true,false,false,false,not_applicable,
pcp_core_000571,Core,true,false,false,false,not_applicable,
pcp_core_000572,Core,true,false,false,false,not_applicable,
pcp_core_000573,Core,true,false,false,false,not_applicable,
pcp_core_000574,Core,true,false,false,false,not_applicable,
pcp_core_000575,Core,true,false,false,false,not_applicable,
pcp_core_000576,Core,true,false,false,false,not_applicable,
pcp_core_000577,Core,true,false,false,false,not_applicable,
pcp_core_000578,Core,true,false,false,false,not_applicable,
pcp_core_000579,Core,true,false,false,false,not_applicable,
pcp_core_000580,Core,true,false,false,false,not_applicable,
pcp_core_000581,Core,true,false,false,false,not_applicable,
pcp_core_000582,Core,true,false,false,false,not_applicable,
pcp_core_000583,Core,true,false,false,false,not_applicable,
pcp_core_000584,Core,true,false,false,false,not_applicable,
pcp_core_000585,Core,true,false,false,false,not_applicable,
pcp_core_000586,Core,true,false,false,false,not_applicable,
pcp_core_000587,Core,true,false,false,false,not_applicable,
pcp_core_000588,Core,true,false,false,false,not_applicable,
pcp_core_000589,Core,true,false,false,false,not_applicable,
pcp_core_000590,Core,true,false,false,false,not_applicable,
pcp_core_000591,Core,true,false,false,false,not_applicable,
pcp_core_000592,Core,true,false,false,false,not_applicable,
pcp_core_000593,Core,true,false,false,false,not_applicable,
pcp_core_000594,Core,true,false,false,false,not_applicable,
pcp_core_000595,Core,true,false,false,false,not_applicable,
pcp_core_000596,Core,true,false,false,false,not_applicable,
pcp_core_000597,Core,true,false,false,false,not_applicable,
pcp_core_000598,Core,true,false,false,false,not_applicable,
pcp_core_000599,Core,true,false,false,false,not_applicable,
pcp_core_000600,Core,true,false,false,false,not_applicable,
pcp_core_000601,Core,true,false,false,false,not_applicable,
pcp_core_000602,Core,true,false,false,false,not_applicable,
pcp_core_000603,Core,true,false,false,false,not_applicable,
pcp_core_000604,Core,true,false,false,false,not_applicable,
pcp_core_000605,Core,true,false,false,false,not_applicable,
pcp_core_000606,Core,true,false,false,false,not_applicable,
pcp_core_000607,Core,true,false,false,false,not_applicable,
pcp_core_000608,Core,true,false,false,false,not_applicable,
pcp_core_000609,Core,true,false,false,false,not_applicable,
pcp_core_000610,Core,true,false,false,false,not_applicable,
pcp_core_000611,Core,true,false,false,false,not_applicable,
pcp_core_000612,Core,true,false,false,false,not_applicable,
pcp_core_000613,Core,true,false,false,false,not_applicable,
pcp_core_000614,Core,true,false,false,false,not_applicable,
pcp_core_000615,Core,true,false,false,false,not_applicable,
pcp_core_000616,Core,true,false,false,false,not_applicable,
pcp_core_000617,Core,true,false,false,false,not_applicable,
pcp_core_000618,Core,true,false,false,false,not_applicable,
pcp_core_000619,Core,true,false,false,false,not_applicable,
pcp_core_000620,Core,true,false,false,false,not_applicable,
pcp_core_000621,Core,true,false,false,false,not_applicable,
pcp_core_000622,Core,true,false,false,false,not_applicable,
pcp_core_000623,Core,true,false,false,false,not_applicable,
pcp_core_000624,Core,true,false,false,false,not_applicable,
pcp_core_000625,Core,true,false,false,false,not_applicable,
pcp_core_000626,Core,true,false,false,false,not_applicable,
pcp_core_000627,Core,true,false,false,false,not_applicable,
pcp_core_000628,Core,true,false,false,false,not_applicable,
pcp_core_000629,Core,true,false,false,false,not_applicable,
pcp_core_000630,Core,true,false,false,false,not_applicable,
pcp_core_000631,Core,true,false,false,false,not_applicable,
pcp_core_000632,Core,true,false,false,false,not_applicable,
pcp_core_000633,Core,true,false,false,false,not_applicable,
pcp_core_000634,Core,true,false,false,false,not_applicable,
pcp_core_000635,Core,true,false,false,false,not_applicable,
pcp_core_000636,Core,true,false,false,false,not_applicable,
pcp_core_000637,Core,true,false,false,false,not_applicable,
pcp_core_000638,Core,true,false,false,false,not_applicable,
pcp_core_000639,Core,true,false,false,false,not_applicable,
pcp_core_000640,Core,true,false,false,false,not_applicable,
pcp_core_000641,Core,true,false,false,false,not_applicable,
pcp_core_000642,Core,true,false,false,false,not_applicable,
pcp_core_000643,Core,true,false,false,false,not_applicable,
pcp_core_000644,Core,true,false,false,false,not_applicable,
pcp_core_000645,Core,true,false,false,false,not_applicable,
pcp_core_000646,Core,true,false,false,false,not_applicable,
pcp_core_000647,Core,true,false,false,false,not_applicable,
pcp_core_000648,Core,true,false,false,false,not_applicable,
pcp_core_000649,Core,true,false,false,false,not_applicable,
pcp_core_000650,Core,true,false,false,false,not_applicable,
pcp_core_000651,Core,true,false,false,false,not_applicable,
pcp_core_000652,Core,true,false,false,false,not_applicable,
pcp_core_000653,Core,true,false,false,false,not_applicable,
pcp_core_000654,Core,true,false,false,false,not_applicable,
pcp_core_000655,Core,true,false,false,false,not_applicable,
pcp_core_000656,Core,true,false,false,false,not_applicable,
pcp_core_000657,Core,true,false,false,false,not_applicable,
pcp_core_000658,Core,true,false,false,false,not_applicable,
pcp_core_000659,Core,true,false,false,false,not_applicable,
pcp_core_000660,Core,true,false,false,false,not_applicable,
pcp_core_000661,Core,true,false,false,false,not_applicable,
pcp_core_000662,Core,true,false,false,false,not_applicable,
pcp_core_000663,Core,true,false,false,false,not_applicable,
pcp_core_000664,Core,true,false,false,false,not_applicable,
pcp_core_000665,Core,true,false,false,false,not_applicable,
pcp_core_000666,Core,true,false,false,false,not_applicable,
pcp_core_000667,Core,true,false,false,false,not_applicable,
pcp_core_000668,Core,true,false,false,false,not_applicable,
pcp_core_000669,Core,true,false,false,false,not_applicable,
pcp_core_000670,Core,true,false,false,false,not_applicable,
pcp_core_000671,Core,true,false,false,false,not_applicable,
pcp_core_000672,Core,true,false,false,false,not_applicable,
pcp_core_000673,Core,true,false,false,false,not_applicable,
pcp_core_000674,Core,true,false,false,false,not_applicable,
pcp_core_000675,Core,true,false,false,false,not_applicable,
pcp_core_000676,Core,true,false,false,false,not_applicable,
pcp_core_000677,Core,true,false,false,false,not_applicable,
pcp_core_000678,Core,true,false,false,false,not_applicable,
pcp_core_000679,Core,true,false,false,false,not_applicable,
pcp_core_000680,Core,true,false,false,false,not_applicable,
pcp_core_000681,Core,true,false,false,false,not_applicable,
pcp_core_000682,Core,true,false,false,false,not_applicable,
pcp_core_000683,Core,true,false,false,false,not_applicable,
pcp_core_000684,Core,true,false,false,false,not_applicable,
pcp_core_000685,Core,true,false,false,false,not_applicable,
pcp_core_000686,Core,true,false,false,false,not_applicable,
pcp_core_000687,Core,true,false,false,false,not_applicable,
pcp_core_000688,Core,true,false,false,false,not_applicable,
pcp_core_000689,Core,true,false,false,false,not_applicable,
pcp_core_000690,Core,true,false,false,false,not_applicable,
pcp_core_000691,Core,true,false,false,false,not_applicable,
pcp_core_000692,Core,true,false,false,false,not_applicable,
pcp_core_000693,Core,true,false,false,false,not_applicable,
pcp_core_000694,Core,true,false,false,false,not_applicable,
pcp_core_000695,Core,true,false,false,false,not_applicable,
pcp_core_000696,Core,true,false,false,false,not_applicable,
pcp_core_000697,Core,true,false,false,false,not_applicable,
pcp_core_000698,Core,true,false,false,false,not_applicable,
pcp_core_000699,Core,true,false,false,false,not_applicable,
pcp_core_000700,Core,true,false,false,false,not_applicable,
pcp_core_000701,Core,true,false,false,false,not_applicable,
pcp_core_000702,Core,true,false,false,false,not_applicable,
pcp_core_000703,Core,true,false,false,false,not_applicable,
pcp_core_000704,Core,true,false,false,false,not_applicable,
pcp_core_000705,Core,true,false,false,false,not_applicable,
pcp_core_000706,Core,true,false,false,false,not_applicable,
pcp_core_000707,Core,true,false,false,false,not_applicable,
pcp_core_000708,Core,true,false,false,false,not_applicable,
pcp_core_000709,Core,true,false,false,false,not_applicable,
pcp_core_000710,Core,true,false,false,false,not_applicable,
pcp_core_000711,Core,true,false,false,false,not_applicable,
pcp_core_000712,Core,true,false,false,false,not_applicable,
pcp_core_000713,Core,true,false,false,false,not_applicable,
pcp_core_000714,Core,true,false,false,false,not_applicable,
pcp_core_000715,Core,true,false,false,false,not_applicable,
pcp_core_000716,Core,true,false,false,false,not_applicable,
pcp_core_000717,Core,true,false,false,false,not_applicable,
pcp_core_000718,Core,true,false,false,false,not_applicable,
pcp_core_000719,Core,true,false,false,false,not_applicable,
pcp_core_000720,Core,true,false,false,false,not_applicable,
pcp_core_000721,Core,true,false,false,false,not_applicable,
pcp_core_000722,Core,true,false,false,false,not_applicable,
pcp_core_000723,Core,true,false,false,false,not_applicable,
pcp_core_000724,Core,true,false,false,false,not_applicable,
pcp_core_000725,Core,true,false,false,false,not_applicable,
pcp_core_000726,Core,true,false,false,false,not_applicable,
pcp_core_000727,Core,true,false,false,false,not_applicable,
pcp_core_000728,Core,true,false,false,false,not_applicable,
pcp_core_000729,Core,true,false,false,false,not_applicable,
pcp_core_000730,Core,true,false,false,false,not_applicable,
pcp_core_000731,Core,true,false,false,false,not_applicable,
pcp_core_000732,Core,true,false,false,false,not_applicable,
pcp_core_000733,Core,true,false,false,false,not_applicable,
pcp_core_000734,Core,true,false,false,false,not_applicable,
pcp_core_000735,Core,true,false,false,false,not_applicable,
pcp_core_000736,Core,true,false,false,false,not_applicable,
pcp_core_000737,Core,true,false,false,false,not_applicable,
pcp_core_000738,Core,true,false,false,false,not_applicable,
pcp_core_000739,Core,true,false,false,false,not_applicable,
pcp_core_000740,Core,true,false,false,false,not_applicable,
pcp_core_000741,Core,true,false,false,false,not_applicable,
pcp_core_000742,Core,true,false,false,false,not_applicable,
pcp_core_000743,Core,true,false,false,false,not_applicable,
pcp_core_000744,Core,true,false,false,false,not_applicable,
pcp_core_000745,Core,true,false,false,false,not_applicable,
pcp_core_000746,Core,true,false,false,false,not_applicable,
pcp_core_000747,Core,true,false,false,false,not_applicable,
pcp_core_000748,Core,true,false,false,false,not_applicable,
pcp_core_000749,Core,true,false,false,false,not_applicable,
pcp_core_000750,Core,true,false,false,false,not_applicable,
pcp_core_000751,Core,true,false,false,false,not_applicable,
pcp_core_000752,Core,true,false,false,false,not_applicable,
pcp_core_000753,Core,true,false,false,false,not_applicable,
pcp_core_000754,Core,true,false,false,false,not_applicable,
pcp_core_000755,Core,true,false,false,false,not_applicable,
pcp_core_000756,Core,true,false,false,false,not_applicable,
pcp_core_000757,Core,true,false,false,false,not_applicable,
pcp_core_000758,Core,true,false,false,false,not_applicable,
pcp_core_000759,Core,true,false,false,false,not_applicable,
pcp_core_000760,Core,true,false,false,false,not_applicable,
pcp_core_000761,Core,true,false,false,false,not_applicable,
pcp_core_000762,Core,true,false,false,false,not_applicable,
pcp_core_000763,Core,true,false,false,false,not_applicable,
pcp_core_000764,Core,true,false,false,false,not_applicable,
pcp_core_000765,Core,true,false,false,false,not_applicable,
pcp_core_000766,Core,true,false,false,false,not_applicable,
pcp_core_000767,Core,true,false,false,false,not_applicable,
pcp_core_000768,Core,true,false,false,false,not_applicable,
pcp_core_000769,Core,true,false,false,false,not_applicable,
pcp_core_000770,Core,true,false,false,false,not_applicable,
pcp_core_000771,Core,true,false,false,false,not_applicable,
pcp_core_000772,Core,true,false,false,false,not_applicable,
pcp_core_000773,Core,true,false,false,false,not_applicable,
pcp_core_000774,Core,true,false,false,false,not_applicable,
pcp_core_000775,Core,true,false,false,false,not_applicable,
pcp_core_000776,Core,true,false,false,false,not_applicable,
pcp_core_000777,Core,true,false,false,false,not_applicable,
pcp_core_000778,Core,true,false,false,false,not_applicable,
pcp_core_000779,Core,true,false,false,false,not_applicable,
pcp_core_000780,Core,true,false,false,false,not_applicable,
pcp_core_000781,Core,true,false,false,false,not_applicable,
pcp_core_000782,Core,true,false,false,false,not_applicable,
pcp_core_000783,Core,true,false,false,false,not_applicable,
pcp_core_000784,Core,true,false,false,false,not_applicable,
pcp_core_000785,Core,true,false,false,false,not_applicable,
pcp_core_000786,Core,true,false,false,false,not_applicable,
pcp_core_000787,Core,true,false,false,false,not_applicable,
pcp_core_000788,Core,true,false,false,false,not_applicable,
pcp_core_000789,Core,true,false,false,false,not_applicable,
pcp_core_000790,Core,true,false,false,false,not_applicable,
pcp_core_000791,Core,true,false,false,false,not_applicable,
pcp_core_000792,Core,true,false,false,false,not_applicable,
pcp_core_000793,Core,true,false,false,false,not_applicable,
pcp_core_000794,Core,true,false,false,false,not_applicable,
pcp_core_000795,Core,true,false,false,false,not_applicable,
pcp_core_000796,Core,true,false,false,false,not_applicable,
pcp_core_000797,Core,true,false,false,false,not_applicable,
pcp_core_000798,Core,true,false,false,false,not_applicable,
pcp_core_000799,Core,true,false,false,false,not_applicable,
pcp_core_000800,Core,true,false,false,false,not_applicable,
pcp_core_000801,Core,true,false,false,false,not_applicable,
pcp_core_000802,Core,true,false,false,false,not_applicable,
pcp_core_000803,Core,true,false,false,false,not_applicable,
pcp_core_000804,Core,true,false,false,false,not_applicable,
pcp_core_000805,Core,true,false,false,false,not_applicable,
pcp_core_000806,Core,true,false,false,false,not_applicable,
pcp_core_000807,Core,true,false,false,false,not_applicable,
pcp_core_000808,Core,true,false,false,false,not_applicable,
pcp_core_000809,Core,true,false,false,false,not_applicable,
pcp_core_000810,Core,true,false,false,false,not_applicable,
pcp_core_000811,Core,true,false,false,false,not_applicable,
pcp_core_000812,Core,true,false,false,false,not_applicable,
pcp_core_000813,Core,true,false,false,false,not_applicable,
pcp_core_000814,Core,true,false,false,false,not_applicable,
pcp_core_000815,Core,true,false,false,false,not_applicable,
pcp_core_000816,Core,true,false,false,false,not_applicable,
pcp_core_000817,Core,true,false,false,false,not_applicable,
pcp_core_000818,Core,true,false,false,false,not_applicable,
pcp_core_000819,Core,true,false,false,false,not_applicable,
pcp_core_000820,Core,true,false,false,false,not_applicable,
pcp_core_000821,Core,true,false,false,false,not_applicable,
pcp_core_000822,Core,true,false,false,false,not_applicable,
pcp_core_000823,Core,true,false,false,false,not_applicable,
pcp_core_000824,Core,true,false,false,false,not_applicable,
pcp_core_000825,Core,true,false,false,false,not_applicable,
pcp_core_000826,Core,true,false,false,false,not_applicable,
pcp_core_000827,Core,true,false,false,false,not_applicable,
pcp_core_000828,Core,true,false,false,false,not_applicable,
pcp_core_000829,Core,true,false,false,false,not_applicable,
pcp_core_000830,Core,true,false,false,false,not_applicable,
pcp_core_000831,Core,true,false,false,false,not_applicable,
pcp_core_000832,Core,true,false,false,false,not_applicable,
pcp_core_000833,Core,true,false,false,false,not_applicable,
pcp_core_000834,Core,true,false,false,false,not_applicable,
pcp_core_000835,Core,true,false,false,false,not_applicable,
pcp_core_000836,Core,true,false,false,false,not_applicable,
pcp_core_000837,Core,true,false,false,false,not_applicable,
pcp_core_000838,Core,true,false,false,false,not_applicable,
pcp_core_000839,Core,true,false,false,false,not_applicable,
pcp_core_000840,Core,true,false,false,false,not_applicable,
pcp_core_000841,Core,true,false,false,false,not_applicable,
pcp_core_000842,Core,true,false,false,false,not_applicable,
pcp_core_000843,Core,true,false,false,false,not_applicable,
pcp_core_000844,Core,true,false,false,false,not_applicable,
pcp_core_000845,Core,true,false,false,false,not_applicable,
pcp_core_000846,Core,true,false,false,false,not_applicable,
pcp_core_000847,Core,true,false,false,false,not_applicable,
pcp_core_000848,Core,true,false,false,false,not_applicable,
pcp_core_000849,Core,true,false,false,false,not_applicable,
pcp_core_000850,Core,true,false,false,false,not_applicable,
pcp_core_000851,Core,true,false,false,false,not_applicable,
pcp_core_000852,Core,true,false,false,false,not_applicable,
pcp_core_000853,Core,true,false,false,false,not_applicable,
pcp_core_000854,Core,true,false,false,false,not_applicable,
pcp_core_000855,Core,true,false,false,false,not_applicable,
pcp_core_000856,Core,true,false,false,false,not_applicable,
pcp_core_000857,Core,true,false,false,false,not_applicable,
pcp_core_000858,Core,true,false,false,false,not_applicable,
pcp_core_000859,Core,true,false,false,false,not_applicable,
pcp_core_000860,Core,true,false,false,false,not_applicable,
pcp_core_000861,Core,true,false,false,false,not_applicable,
pcp_core_000862,Core,true,false,false,false,not_applicable,
pcp_core_000863,Core,true,false,false,false,not_applicable,
pcp_core_000864,Core,true,false,false,false,not_applicable,
pcp_core_000865,Core,true,false,false,false,not_applicable,
pcp_core_000866,Core,true,false,false,false,not_applicable,
pcp_core_000867,Core,true,false,false,false,not_applicable,
pcp_core_000868,Core,true,false,false,false,not_applicable,
pcp_core_000869,Core,true,false,false,false,not_applicable,
pcp_core_000870,Core,true,false,false,false,not_applicable,
pcp_core_000871,Core,true,false,false,false,not_applicable,
pcp_core_000872,Core,true,false,false,false,not_applicable,
pcp_core_000873,Core,true,false,false,false,not_applicable,
pcp_core_000874,Core,true,false,false,false,not_applicable,
pcp_core_000875,Core,true,false,false,false,not_applicable,
pcp_core_000876,Core,true,false,false,false,not_applicable,
pcp_core_000877,Core,true,false,false,false,not_applicable,
pcp_core_000878,Core,true,false,false,false,not_applicable,
pcp_core_000879,Core,true,false,false,false,not_applicable,
pcp_core_000880,Core,true,false,false,false,not_applicable,
pcp_core_000881,Core,true,false,false,false,not_applicable,
pcp_core_000882,Core,true,false,false,false,not_applicable,
pcp_core_000883,Core,true,false,false,false,not_applicable,
pcp_core_000884,Core,true,false,false,false,not_applicable,
pcp_core_000885,Core,true,false,false,false,not_applicable,
pcp_core_000886,Core,true,false,false,false,not_applicable,
pcp_core_000887,Core,true,false,false,false,not_applicable,
pcp_core_000888,Core,true,false,false,false,not_applicable,
pcp_core_000889,Core,true,false,false,false,not_applicable,
pcp_core_000890,Core,true,false,false,false,not_applicable,
pcp_core_000891,Core,true,false,false,false,not_applicable,
pcp_core_000892,Core,true,false,false,false,not_applicable,
pcp_core_000893,Core,true,false,false,false,not_applicable,
pcp_core_000894,Core,true,false,false,false,not_applicable,
pcp_core_000895,Core,true,false,false,false,not_applicable,
pcp_core_000896,Core,true,false,false,false,not_applicable,
pcp_core_000897,Core,true,false,false,false,not_applicable,
pcp_core_000898,Core,true,false,false,false,not_applicable,
pcp_core_000899,Core,true,false,false,false,not_applicable,
pcp_core_000900,Core,true,false,false,false,not_applicable,
pcp_core_000901,Core,true,false,false,false,not_applicable,
pcp_core_000902,Core,true,false,false,false,not_applicable,
pcp_core_000903,Core,true,false,false,false,not_applicable,
pcp_core_000904,Core,true,false,false,false,not_applicable,
pcp_core_000905,Core,true,false,false,false,not_applicable,
pcp_core_000906,Core,true,false,false,false,not_applicable,
pcp_core_000907,Core,true,false,false,false,not_applicable,
pcp_core_000908,Core,true,false,false,false,not_applicable,
pcp_core_000909,Core,true,false,false,false,not_applicable,
pcp_core_000910,Core,true,false,false,false,not_applicable,
pcp_core_000911,Core,true,false,false,false,not_applicable,
pcp_core_000912,Core,true,false,false,false,not_applicable,
pcp_core_000913,Core,true,false,false,false,not_applicable,
pcp_core_000914,Core,true,false,false,false,not_applicable,
pcp_core_000915,Core,true,false,false,false,not_applicable,
pcp_core_000916,Core,true,false,false,false,not_applicable,
pcp_core_000917,Core,true,false,false,false,not_applicable,
pcp_core_000918,Core,true,false,false,false,not_applicable,
pcp_core_000919,Core,true,false,false,false,not_applicable,
pcp_core_000920,Core,true,false,false,false,not_applicable,
pcp_core_000921,Core,true,false,false,false,not_applicable,
pcp_core_000922,Core,true,false,false,false,not_applicable,
pcp_core_000923,Core,true,false,false,false,not_applicable,
pcp_core_000924,Core,true,false,false,false,not_applicable,
pcp_core_000925,Core,true,false,false,false,not_applicable,
pcp_core_000926,Core,true,false,false,false,not_applicable,
pcp_core_000927,Core,true,false,false,false,not_applicable,
pcp_core_000928,Core,true,false,false,false,not_applicable,
pcp_core_000929,Core,true,false,false,false,not_applicable,
pcp_core_000930,Core,true,false,false,false,not_applicable,
pcp_core_000931,Core,true,false,false,false,not_applicable,
pcp_core_000932,Core,true,false,false,false,not_applicable,
pcp_core_000933,Core,true,false,false,false,not_applicable,
pcp_core_000934,Core,true,false,false,false,not_applicable,
pcp_core_000935,Core,true,false,false,false,not_applicable,
pcp_core_000936,Core,true,false,false,false,not_applicable,
pcp_core_000937,Core,true,false,false,false,not_applicable,
pcp_core_000938,Core,true,false,false,false,not_applicable,
pcp_core_000939,Core,true,false,false,false,not_applicable,
pcp_core_000940,Core,true,false,false,false,not_applicable,
pcp_core_000941,Core,true,false,false,false,not_applicable,
pcp_core_000942,Core,true,false,false,false,not_applicable,
pcp_core_000943,Core,true,false,false,false,not_applicable,
pcp_core_000944,Core,true,false,false,false,not_applicable,
pcp_core_000945,Core,true,false,false,false,not_applicable,
pcp_core_000946,Core,true,false,false,false,not_applicable,
pcp_core_000947,Core,true,false,false,false,not_applicable,
pcp_core_000948,Core,true,false,false,false,not_applicable,
pcp_core_000949,Core,true,false,false,false,not_applicable,
pcp_core_000950,Core,true,false,false,false,not_applicable,
pcp_core_000951,Core,true,false,false,false,not_applicable,
pcp_core_000952,Core,true,false,false,false,not_applicable,
pcp_core_000953,Core,true,false,false,false,not_applicable,
pcp_core_000954,Core,true,false,false,false,not_applicable,
pcp_core_000955,Core,true,false,false,false,not_applicable,
pcp_core_000956,Core,true,false,false,false,not_applicable,
pcp_core_000957,Core,true,false,false,false,not_applicable,
pcp_core_000958,Core,true,false,false,false,not_applicable,
pcp_core_000959,Core,true,false,false,false,not_applicable,
pcp_core_000960,Core,true,false,false,false,not_applicable,
pcp_core_000961,Core,true,false,false,false,not_applicable,
pcp_core_000962,Core,true,false,false,false,not_applicable,
pcp_core_000963,Core,true,false,false,false,not_applicable,
pcp_core_000964,Core,true,false,false,false,not_applicable,
pcp_core_000965,Core,true,false,false,false,not_applicable,
pcp_core_000966,Core,true,false,false,false,not_applicable,
pcp_core_000967,Core,true,false,false,false,not_applicable,
pcp_core_000968,Core,true,false,false,false,not_applicable,
pcp_core_000969,Core,true,false,false,false,not_applicable,
pcp_core_000970,Core,true,false,false,false,not_applicable,
pcp_core_000971,Core,true,false,false,false,not_applicable,
pcp_core_000972,Core,true,false,false,false,not_applicable,
pcp_core_000973,Core,true,false,false,false,not_applicable,
pcp_core_000974,Core,true,false,false,false,not_applicable,
pcp_core_000975,Core,true,false,false,false,not_applicable,
pcp_core_000976,Core,true,false,false,false,not_applicable,
pcp_core_000977,Core,true,false,false,false,not_applicable,
pcp_core_000978,Core,true,false,false,false,not_applicable,
pcp_core_000979,Core,true,false,false,false,not_applicable,
pcp_core_000980,Core,true,false,false,false,not_applicable,
pcp_core_000981,Core,true,false,false,false,not_applicable,
pcp_core_000982,Core,true,false,false,false,not_applicable,
pcp_core_000983,Core,true,false,false,false,not_applicable,
pcp_core_000984,Core,true,false,false,false,not_applicable,
pcp_core_000985,Core,true,false,false,false,not_applicable,
pcp_core_000986,Core,true,false,false,false,not_applicable,
pcp_core_000987,Core,true,false,false,false,not_applicable,
pcp_core_000988,Core,true,false,false,false,not_applicable,
pcp_core_000989,Core,true,false,false,false,not_applicable,
pcp_core_000990,Core,true,false,false,false,not_applicable,
pcp_core_000991,Core,true,false,false,false,not_applicable,
pcp_core_000992,Core,true,false,false,false,not_applicable,
pcp_core_000993,Core,true,false,false,false,not_applicable,
pcp_core_000994,Core,true,false,false,false,not_applicable,
pcp_core_000995,Core,true,false,false,false,not_applicable,
pcp_core_000996,Core,true,false,false,false,not_applicable,
pcp_core_000997,Core,true,false,false,false,not_applicable,
pcp_core_000998,Core,true,false,false,false,not_applicable,
pcp_core_000999,Core,true,false,false,false,not_applicable,
pcp_core_001000,Core,true,false,false,false,not_applicable,
pcp_core_001001,Core,true,false,false,false,not_applicable,
pcp_core_001002,Core,true,false,false,false,not_applicable,
pcp_core_001003,Core,true,false,false,false,not_applicable,
pcp_core_001004,Core,true,false,false,false,not_applicable,
pcp_core_001005,Core,true,false,false,false,not_applicable,
pcp_core_001006,Core,true,false,false,false,not_applicable,
pcp_core_001007,Core,true,false,false,false,not_applicable,
pcp_core_001008,Core,true,false,false,false,not_applicable,
pcp_core_001009,Core,true,false,false,false,not_applicable,
pcp_core_001010,Core,true,false,false,false,not_applicable,
pcp_core_001011,Core,true,false,false,false,not_applicable,
pcp_core_001012,Core,true,false,false,false,not_applicable,
pcp_core_001013,Core,true,false,false,false,not_applicable,
pcp_core_001014,Core,true,false,false,false,not_applicable,
pcp_core_001015,Core,true,false,false,false,not_applicable,
pcp_core_001016,Core,true,false,false,false,not_applicable,
pcp_core_001017,Core,true,false,false,false,not_applicable,
pcp_core_001018,Core,true,false,false,false,not_applicable,
pcp_core_001019,Core,true,false,false,false,not_applicable,
pcp_core_001020,Core,true,false,false,false,not_applicable,
pcp_core_001021,Core,true,false,false,false,not_applicable,
pcp_core_001022,Core,true,false,false,false,not_applicable,
pcp_core_001023,Core,true,false,false,false,not_applicable,
pcp_core_001024,Core,true,false,false,false,not_applicable,
pcp_core_001025,Core,true,false,false,false,not_applicable,
pcp_core_001026,Core,true,false,false,false,not_applicable,
pcp_core_001027,Core,true,false,false,false,not_applicable,
pcp_core_001028,Core,true,false,false,false,not_applicable,
pcp_core_001029,Core,true,false,false,false,not_applicable,
pcp_core_001030,Core,true,false,false,false,not_applicable,
pcp_core_001031,Core,true,false,false,false,not_applicable,
pcp_core_001032,Core,true,false,false,false,not_applicable,
pcp_core_001033,Core,true,false,false,false,not_applicable,
pcp_core_001034,Core,true,false,false,false,not_applicable,
pcp_core_001035,Core,true,false,false,false,not_applicable,
pcp_core_001036,Core,true,false,false,false,not_applicable,
pcp_core_001037,Core,true,false,false,false,not_applicable,
pcp_core_001038,Core,true,false,false,false,not_applicable,
pcp_core_001039,Core,true,false,false,false,not_applicable,
pcp_core_001040,Core,true,false,false,false,not_applicable,
pcp_core_001041,Core,true,false,false,false,not_applicable,
pcp_core_001042,Core,true,false,false,false,not_applicable,
pcp_core_001043,Core,true,false,false,false,not_applicable,
pcp_core_001044,Core,true,false,false,false,not_applicable,
pcp_core_001045,Core,true,false,false,false,not_applicable,
pcp_core_001046,Core,true,false,false,false,not_applicable,
pcp_core_001047,Core,true,false,false,false,not_applicable,
pcp_core_001048,Core,true,false,false,false,not_applicable,
pcp_core_001049,Core,true,false,false,false,not_applicable,
pcp_core_001050,Core,true,false,false,false,not_applicable,
pcp_core_001051,Core,true,false,false,false,not_applicable,
pcp_core_001052,Core,true,false,false,false,not_applicable,
pcp_core_001053,Core,true,false,false,false,not_applicable,
pcp_core_001054,Core,true,false,false,false,not_applicable,
pcp_core_001055,Core,true,false,false,false,not_applicable,
pcp_core_001056,Core,true,false,false,false,not_applicable,
pcp_core_001057,Core,true,false,false,false,not_applicable,
pcp_core_001058,Core,true,false,false,false,not_applicable,
pcp_core_001059,Core,true,false,false,false,not_applicable,
pcp_core_001060,Core,true,false,false,false,not_applicable,
pcp_core_001061,Core,true,false,false,false,not_applicable,
pcp_core_001062,Core,true,false,false,false,not_applicable,
pcp_core_001063,Core,true,false,false,false,not_applicable,
pcp_core_001064,Core,true,false,false,false,not_applicable,
pcp_core_001065,Core,true,false,false,false,not_applicable,
pcp_core_001066,Core,true,false,false,false,not_applicable,
pcp_core_001067,Core,true,false,false,false,not_applicable,
pcp_core_001068,Core,true,false,false,false,not_applicable,
pcp_core_001069,Core,true,false,false,false,not_applicable,
pcp_core_001070,Core,true,false,false,false,not_applicable,
pcp_core_001071,Core,true,false,false,false,not_applicable,
pcp_core_001072,Core,true,false,false,false,not_applicable,
pcp_core_001073,Core,true,false,false,false,not_applicable,
pcp_core_001074,Core,true,false,false,false,not_applicable,
pcp_core_001075,Core,true,false,false,false,not_applicable,
pcp_core_001076,Core,true,false,false,false,not_applicable,
pcp_core_001077,Core,true,false,false,false,not_applicable,
pcp_core_001078,Core,true,false,false,false,not_applicable,
pcp_core_001079,Core,true,false,false,false,not_applicable,
pcp_core_001080,Core,true,false,false,false,not_applicable,
pcp_core_001081,Core,true,false,false,false,not_applicable,
pcp_core_001082,Core,true,false,false,false,not_applicable,
pcp_core_001083,Core,true,false,false,false,not_applicable,
pcp_core_001084,Core,true,false,false,false,not_applicable,
pcp_core_001085,Core,true,false,false,false,not_applicable,
pcp_core_001086,Core,true,false,false,false,not_applicable,
pcp_core_001087,Core,true,false,false,false,not_applicable,
pcp_core_001088,Core,true,false,false,false,not_applicable,
pcp_core_001089,Core,true,false,false,false,not_applicable,
pcp_core_001090,Core,true,false,false,false,not_applicable,
pcp_core_001091,Core,true,false,false,false,not_applicable,
pcp_core_001092,Core,true,false,false,false,not_applicable,
pcp_core_001093,Core,true,false,false,false,not_applicable,
pcp_core_001094,Core,true,false,false,false,not_applicable,
pcp_core_001095,Core,true,false,false,false,not_applicable,
pcp_core_001096,Core,true,false,false,false,not_applicable,
pcp_core_001097,Core,true,false,false,false,not_applicable,
pcp_core_001098,Core,true,false,false,false,not_applicable,
pcp_core_001099,Core,true,false,false,false,not_applicable,
pcp_core_001100,Core,true,false,false,false,not_applicable,
pcp_core_001101,Core,true,false,false,false,not_applicable,
pcp_core_001102,Core,true,false,false,false,not_applicable,
pcp_core_001103,Core,true,false,false,false,not_applicable,
pcp_core_001104,Core,true,false,false,false,not_applicable,
pcp_core_001105,Core,true,false,false,false,not_applicable,
pcp_core_001106,Core,true,false,false,false,not_applicable,
pcp_core_001107,Core,true,false,false,false,not_applicable,
pcp_core_001108,Core,true,false,false,false,not_applicable,
pcp_core_001109,Core,true,false,false,false,not_applicable,
pcp_core_001110,Core,true,false,false,false,not_applicable,
pcp_core_001111,Core,true,false,false,false,not_applicable,
pcp_core_001112,Core,true,false,false,false,not_applicable,
pcp_core_001113,Core,true,false,false,false,not_applicable,
pcp_core_001114,Core,true,false,false,false,not_applicable,
pcp_core_001115,Core,true,false,false,false,not_applicable,
pcp_core_001116,Core,true,false,false,false,not_applicable,
pcp_core_001117,Core,true,false,false,false,not_applicable,
pcp_core_001118,Core,true,false,false,false,not_applicable,
pcp_core_001119,Core,true,false,false,false,not_applicable,
pcp_core_001120,Core,true,false,false,false,not_applicable,
pcp_core_001121,Core,true,false,false,false,not_applicable,
pcp_core_001122,Core,true,false,false,false,not_applicable,
pcp_core_001123,Core,true,false,false,false,not_applicable,
pcp_core_001124,Core,true,false,false,false,not_applicable,
pcp_core_001125,Core,true,false,false,false,not_applicable,
pcp_core_001126,Core,true,false,false,false,not_applicable,
pcp_core_001127,Core,true,false,false,false,not_applicable,
pcp_core_001128,Core,true,false,false,false,not_applicable,
pcp_core_001129,Core,true,false,false,false,not_applicable,
pcp_core_001130,Core,true,false,false,false,not_applicable,
pcp_core_001131,Core,true,false,false,false,not_applicable,
pcp_core_001132,Core,true,false,false,false,not_applicable,
pcp_core_001133,Core,true,false,false,false,not_applicable,
pcp_core_001134,Core,true,false,false,false,not_applicable,
pcp_core_001135,Core,true,false,false,false,not_applicable,
pcp_core_001136,Core,true,false,false,false,not_applicable,
pcp_core_001137,Core,true,false,false,false,not_applicable,
pcp_core_001138,Core,true,false,false,false,not_applicable,
pcp_core_001139,Core,true,false,false,false,not_applicable,
pcp_core_001140,Core,true,false,false,false,not_applicable,
pcp_core_001141,Core,true,false,false,false,not_applicable,
pcp_core_001142,Core,true,false,false,false,not_applicable,
pcp_core_001143,Core,true,false,false,false,not_applicable,
pcp_core_001144,Core,true,false,false,false,not_applicable,
pcp_core_001145,Core,true,false,false,false,not_applicable,
pcp_core_001146,Core,true,false,false,false,not_applicable,
pcp_core_001147,Core,true,false,false,false,not_applicable,
pcp_core_001148,Core,true,false,false,false,not_applicable,
pcp_core_001149,Core,true,false,false,false,not_applicable,
pcp_core_001150,Core,true,false,false,false,not_applicable,
pcp_core_001151,Core,true,false,false,false,not_applicable,
pcp_core_001152,Core,true,false,false,false,not_applicable,
pcp_core_001153,Core,true,false,false,false,not_applicable,
pcp_core_001154,Core,true,false,false,false,not_applicable,
pcp_core_001155,Core,true,false,false,false,not_applicable,
pcp_core_001156,Core,true,false,false,false,not_applicable,
pcp_core_001157,Core,true,false,false,false,not_applicable,
pcp_core_001158,Core,true,false,false,false,not_applicable,
pcp_core_001159,Core,true,false,false,false,not_applicable,
pcp_core_001160,Core,true,false,false,false,not_applicable,
pcp_core_001161,Core,true,false,false,false,not_applicable,
pcp_core_001162,Core,true,false,false,false,not_applicable,
pcp_core_001163,Core,true,false,false,false,not_applicable,
pcp_core_001164,Core,true,false,false,false,not_applicable,
pcp_core_001165,Core,true,false,false,false,not_applicable,
pcp_core_001166,Core,true,false,false,false,not_applicable,
pcp_core_001167,Core,true,false,false,false,not_applicable,
pcp_core_001168,Core,true,false,false,false,not_applicable,
pcp_core_001169,Core,true,false,false,false,not_applicable,
pcp_core_001170,Core,true,false,false,false,not_applicable,
pcp_core_001171,Core,true,false,false,false,not_applicable,
pcp_core_001172,Core,true,false,false,false,not_applicable,
pcp_core_001173,Core,true,false,false,false,not_applicable,
pcp_core_001174,Core,true,false,false,false,not_applicable,
pcp_core_001175,Core,true,false,false,false,not_applicable,
pcp_core_001176,Core,true,false,false,false,not_applicable,
pcp_core_001177,Core,true,false,false,false,not_applicable,
pcp_core_001178,Core,true,false,false,false,not_applicable,
pcp_core_001179,Core,true,false,false,false,not_applicable,
pcp_core_001180,Core,true,false,false,false,not_applicable,
pcp_core_001181,Core,true,false,false,false,not_applicable,
pcp_core_001182,Core,true,false,false,false,not_applicable,
pcp_core_001183,Core,true,false,false,false,not_applicable,
pcp_core_001184,Core,true,false,false,false,not_applicable,
pcp_core_001185,Core,true,false,false,false,not_applicable,
pcp_core_001186,Core,true,false,false,false,not_applicable,
pcp_core_001187,Core,true,false,false,false,not_applicable,
pcp_core_001188,Core,true,false,false,false,not_applicable,
pcp_core_001189,Core,true,false,false,false,not_applicable,
pcp_core_001190,Core,true,false,false,false,not_applicable,
pcp_core_001191,Core,true,false,false,false,not_applicable,
pcp_core_001192,Core,true,false,false,false,not_applicable,
pcp_core_001193,Core,true,false,false,false,not_applicable,
pcp_core_001194,Core,true,false,false,false,not_applicable,
pcp_core_001195,Core,true,false,false,false,not_applicable,
pcp_core_001196,Core,true,false,false,false,not_applicable,
pcp_core_001197,Core,true,false,false,false,not_applicable,
pcp_core_001198,Core,true,false,false,false,not_applicable,
pcp_core_001199,Core,true,false,false,false,not_applicable,
pcp_core_001200,Core,true,false,false,false,not_applicable,
pcp_core_001201,Core,true,false,false,false,not_applicable,
pcp_core_001202,Core,true,false,false,false,not_applicable,
pcp_core_001203,Core,true,false,false,false,not_applicable,
pcp_core_001204,Core,true,false,false,false,not_applicable,
pcp_core_001205,Core,true,false,false,false,not_applicable,
pcp_core_001206,Core,true,false,false,false,not_applicable,
pcp_core_001207,Core,true,false,false,false,not_applicable,
pcp_core_001208,Core,true,false,false,false,not_applicable,
pcp_core_001209,Core,true,false,false,false,not_applicable,
pcp_core_001210,Core,true,false,false,false,not_applicable,
pcp_core_001211,Core,true,false,false,false,not_applicable,
pcp_core_001212,Core,true,false,false,false,not_applicable,
pcp_core_001213,Core,true,false,false,false,not_applicable,
pcp_core_001214,Core,true,false,false,false,not_applicable,
pcp_core_001215,Core,true,false,false,false,not_applicable,
pcp_core_001216,Core,true,false,false,false,not_applicable,
pcp_core_001217,Core,true,false,false,false,not_applicable,
pcp_core_001218,Core,true,false,false,false,not_applicable,
pcp_core_001219,Core,true,false,false,false,not_applicable,
pcp_core_001220,Core,true,false,false,false,not_applicable,
pcp_core_001221,Core,true,false,false,false,not_applicable,
pcp_core_001222,Core,true,false,false,false,not_applicable,
pcp_core_001223,Core,true,false,false,false,not_applicable,
pcp_core_001224,Core,true,false,false,false,not_applicable,
pcp_core_001225,Core,true,false,false,false,not_applicable,
pcp_core_001226,Core,true,false,false,false,not_applicable,
pcp_core_001227,Core,true,false,false,false,not_applicable,
pcp_core_001228,Core,true,false,false,false,not_applicable,
pcp_core_001229,Core,true,false,false,false,not_applicable,
pcp_core_001230,Core,true,false,false,false,not_applicable,
pcp_core_001231,Core,true,false,false,false,not_applicable,
pcp_core_001232,Core,true,false,false,false,not_applicable,
pcp_core_001233,Core,true,false,false,false,not_applicable,
pcp_core_001234,Core,true,false,false,false,not_applicable,
pcp_core_001235,Core,true,false,false,false,not_applicable,
pcp_core_001236,Core,true,false,false,false,not_applicable,
pcp_core_001237,Core,true,false,false,false,not_applicable,
pcp_core_001238,Core,true,false,false,false,not_applicable,
pcp_core_001239,Core,true,false,false,false,not_applicable,
pcp_core_001240,Core,true,false,false,false,not_applicable,
pcp_core_001241,Core,true,false,false,false,not_applicable,
pcp_core_001242,Core,true,false,false,false,not_applicable,
pcp_core_001243,Core,true,false,false,false,not_applicable,
pcp_core_001244,Core,true,false,false,false,not_applicable,
pcp_core_001245,Core,true,false,false,false,not_applicable,
pcp_core_001246,Core,true,false,false,false,not_applicable,
pcp_core_001247,Core,true,false,false,false,not_applicable,
pcp_core_001248,Core,true,false,false,false,not_applicable,
pcp_core_001249,Core,true,false,false,false,not_applicable,
pcp_core_001250,Core,true,false,false,false,not_applicable,
pcp_core_001251,Core,true,false,false,false,not_applicable,
pcp_core_001252,Core,true,false,false,false,not_applicable,
pcp_core_001253,Core,true,false,false,false,not_applicable,
pcp_core_001254,Core,true,false,false,false,not_applicable,
pcp_core_001255,Core,true,false,false,false,not_applicable,
pcp_core_001256,Core,true,false,false,false,not_applicable,
pcp_core_001257,Core,true,false,false,false,not_applicable,
pcp_core_001258,Core,true,false,false,false,not_applicable,
pcp_core_001259,Core,true,false,false,false,not_applicable,
pcp_core_001260,Core,true,false,false,false,not_applicable,
pcp_core_001261,Core,true,false,false,false,not_applicable,
pcp_core_001262,Core,true,false,false,false,not_applicable,
pcp_core_001263,Core,true,false,false,false,not_applicable,
pcp_core_001264,Core,true,false,false,false,not_applicable,
pcp_core_001265,Core,true,false,false,false,not_applicable,
pcp_core_001266,Core,true,false,false,false,not_applicable,
pcp_core_001267,Core,true,false,false,false,not_applicable,
pcp_core_001268,Core,true,false,false,false,not_applicable,
pcp_core_001269,Core,true,false,false,false,not_applicable,
pcp_core_001270,Core,true,false,false,false,not_applicable,
pcp_core_001271,Core,true,false,false,false,not_applicable,
pcp_core_001272,Core,true,false,false,false,not_applicable,
pcp_core_001273,Core,true,false,false,false,not_applicable,
pcp_core_001274,Core,true,false,false,false,not_applicable,
pcp_core_001275,Core,true,false,false,false,not_applicable,
pcp_core_001276,Core,true,false,false,false,not_applicable,
pcp_core_001277,Core,true,false,false,false,not_applicable,
pcp_core_001278,Core,true,false,false,false,not_applicable,
pcp_core_001279,Core,true,false,false,false,not_applicable,
pcp_core_001280,Core,true,false,false,false,not_applicable,
pcp_core_001281,Core,true,false,false,false,not_applicable,
pcp_core_001282,Core,true,false,false,false,not_applicable,
pcp_core_001283,Core,true,false,false,false,not_applicable,
pcp_core_001284,Core,true,false,false,false,not_applicable,
pcp_core_001285,Core,true,false,false,false,not_applicable,
pcp_core_001286,Core,true,false,false,false,not_applicable,
pcp_core_001287,Core,true,false,false,false,not_applicable,
pcp_core_001288,Core,true,false,false,false,not_applicable,
pcp_core_001289,Core,true,false,false,false,not_applicable,
pcp_core_001290,Core,true,false,false,false,not_applicable,
pcp_core_001291,Core,true,false,false,false,not_applicable,
pcp_core_001292,Core,true,false,false,false,not_applicable,
pcp_core_001293,Core,true,false,false,false,not_applicable,
pcp_core_001294,Core,true,false,false,false,not_applicable,
pcp_core_001295,Core,true,false,false,false,not_applicable,
pcp_core_001296,Core,true,false,false,false,not_applicable,
pcp_core_001297,Core,true,false,false,false,not_applicable,
pcp_core_001298,Core,true,false,false,false,not_applicable,
pcp_core_001299,Core,true,false,false,false,not_applicable,
pcp_core_001300,Core,true,false,false,false,not_applicable,
pcp_core_001301,Core,true,false,false,false,not_applicable,
pcp_core_001302,Core,true,false,false,false,not_applicable,
pcp_core_001303,Core,true,false,false,false,not_applicable,
pcp_core_001304,Core,true,false,false,false,not_applicable,
pcp_core_001305,Core,true,false,false,false,not_applicable,
pcp_core_001306,Core,true,false,false,false,not_applicable,
pcp_core_001307,Core,true,false,false,false,not_applicable,
pcp_core_001308,Core,true,false,false,false,not_applicable,
pcp_core_001309,Core,true,false,false,false,not_applicable,
pcp_core_001310,Core,true,false,false,false,not_applicable,
pcp_core_001311,Core,true,false,false,false,not_applicable,
pcp_core_001312,Core,true,false,false,false,not_applicable,
pcp_core_001313,Core,true,false,false,false,not_applicable,
pcp_core_001314,Core,true,false,false,false,not_applicable,
pcp_core_001315,Core,true,false,false,false,not_applicable,
pcp_core_001316,Core,true,false,false,false,not_applicable,
pcp_core_001317,Core,true,false,false,false,not_applicable,
pcp_core_001318,Core,true,false,false,false,not_applicable,
pcp_core_001319,Core,true,false,false,false,not_applicable,
pcp_core_001320,Core,true,false,false,false,not_applicable,
pcp_core_001321,Core,true,false,false,false,not_applicable,
pcp_core_001322,Core,true,false,false,false,not_applicable,
pcp_core_001323,Core,true,false,false,false,not_applicable,
pcp_core_001324,Core,true,false,false,false,not_applicable,
pcp_core_001325,Core,true,false,false,false,not_applicable,
pcp_core_001326,Core,true,false,false,false,not_applicable,
pcp_core_001327,Core,true,false,false,false,not_applicable,
pcp_core_001328,Core,true,false,false,false,not_applicable,
pcp_core_001329,Core,true,false,false,false,not_applicable,
pcp_core_001330,Core,true,false,false,false,not_applicable,
pcp_core_001331,Core,true,false,false,false,not_applicable,
pcp_core_001332,Core,true,false,false,false,not_applicable,
pcp_core_001333,Core,true,false,false,false,not_applicable,
pcp_core_001334,Core,true,false,false,false,not_applicable,
pcp_core_001335,Core,true,false,false,false,not_applicable,
pcp_core_001336,Core,true,false,false,false,not_applicable,
pcp_core_001337,Core,true,false,false,false,not_applicable,
pcp_core_001338,Core,true,false,false,false,not_applicable,
pcp_core_001339,Core,true,false,false,false,not_applicable,
pcp_core_001340,Core,true,false,false,false,not_applicable,
pcp_core_001341,Core,true,false,false,false,not_applicable,
pcp_core_001342,Core,true,false,false,false,not_applicable,
pcp_core_001343,Core,true,false,false,false,not_applicable,
pcp_core_001344,Core,true,false,false,false,not_applicable,
pcp_core_001345,Core,true,false,false,false,not_applicable,
pcp_core_001346,Core,true,false,false,false,not_applicable,
pcp_core_001347,Core,true,false,false,false,not_applicable,
pcp_core_001348,Core,true,false,false,false,not_applicable,
pcp_core_001349,Core,true,false,false,false,not_applicable,
pcp_core_001350,Core,true,false,false,false,not_applicable,
pcp_core_001351,Core,true,false,false,false,not_applicable,
pcp_core_001352,Core,true,false,false,false,not_applicable,
pcp_core_001353,Core,true,false,false,false,not_applicable,
pcp_core_001354,Core,true,false,false,false,not_applicable,
pcp_core_001355,Core,true,false,false,false,not_applicable,
pcp_core_001356,Core,true,false,false,false,not_applicable,
pcp_core_001357,Core,true,false,false,false,not_applicable,
pcp_core_001358,Core,true,false,false,false,not_applicable,
pcp_core_001359,Core,true,false,false,false,not_applicable,
pcp_core_001360,Core,true,false,false,false,not_applicable,
pcp_core_001361,Core,true,false,false,false,not_applicable,
pcp_core_001362,Core,true,false,false,false,not_applicable,
pcp_core_001363,Core,true,false,false,false,not_applicable,
pcp_core_001364,Core,true,false,false,false,not_applicable,
pcp_core_001365,Core,true,false,false,false,not_applicable,
pcp_core_001366,Core,true,false,false,false,not_applicable,
pcp_core_001367,Core,true,false,false,false,not_applicable,
pcp_core_001368,Core,true,false,false,false,not_applicable,
pcp_core_001369,Core,true,false,false,false,not_applicable,
pcp_core_001370,Core,true,false,false,false,not_applicable,
pcp_core_001371,Core,true,false,false,false,not_applicable,
pcp_core_001372,Core,true,false,false,false,not_applicable,
pcp_core_001373,Core,true,false,false,false,not_applicable,
pcp_core_001374,Core,true,false,false,false,not_applicable,
pcp_core_001375,Core,true,false,false,false,not_applicable,
pcp_core_001376,Core,true,false,false,false,not_applicable,
pcp_core_001377,Core,true,false,false,false,not_applicable,
pcp_core_001378,Core,true,false,false,false,not_applicable,
pcp_core_001379,Core,true,false,false,false,not_applicable,
pcp_core_001380,Core,true,false,false,false,not_applicable,
pcp_core_001381,Core,true,false,false,false,not_applicable,
pcp_core_001382,Core,true,false,false,false,not_applicable,
pcp_core_001383,Core,true,false,false,false,not_applicable,
pcp_core_001384,Core,true,false,false,false,not_applicable,
pcp_core_001385,Core,true,false,false,false,not_applicable,
pcp_core_001386,Core,true,false,false,false,not_applicable,
pcp_core_001387,Core,true,false,false,false,not_applicable,
pcp_core_001388,Core,true,false,false,false,not_applicable,
pcp_core_001389,Core,true,false,false,false,not_applicable,
pcp_core_001390,Core,true,false,false,false,not_applicable,
pcp_core_001391,Core,true,false,false,false,not_applicable,
pcp_core_001392,Core,true,false,false,false,not_applicable,
pcp_core_001393,Core,true,false,false,false,not_applicable,
pcp_core_001394,Core,true,false,false,false,not_applicable,
pcp_core_001395,Core,true,false,false,false,not_applicable,
pcp_core_001396,Core,true,false,false,false,not_applicable,
pcp_core_001397,Core,true,false,false,false,not_applicable,
pcp_core_001398,Core,true,false,false,false,not_applicable,
pcp_core_001399,Core,true,false,false,false,not_applicable,
pcp_core_001400,Core,true,false,false,false,not_applicable,
pcp_core_001401,Core,true,false,false,false,not_applicable,
pcp_core_001402,Core,true,false,false,false,not_applicable,
pcp_core_001403,Core,true,false,false,false,not_applicable,
pcp_core_001404,Core,true,false,false,false,not_applicable,
pcp_core_001405,Core,true,false,false,false,not_applicable,
pcp_core_001406,Core,true,false,false,false,not_applicable,
pcp_core_001407,Core,true,false,false,false,not_applicable,
pcp_core_001408,Core,true,false,false,false,not_applicable,
pcp_core_001409,Core,true,false,false,false,not_applicable,
pcp_core_001410,Core,true,false,false,false,not_applicable,
pcp_core_001411,Core,true,false,false,false,not_applicable,
pcp_core_001412,Core,true,false,false,false,not_applicable,
pcp_core_001413,Core,true,false,false,false,not_applicable,
pcp_core_001414,Core,true,false,false,false,not_applicable,
pcp_core_001415,Core,true,false,false,false,not_applicable,
pcp_core_001416,Core,true,false,false,false,not_applicable,
pcp_core_001417,Core,true,false,false,false,not_applicable,
pcp_core_001418,Core,true,false,false,false,not_applicable,
pcp_core_001419,Core,true,false,false,false,not_applicable,
pcp_core_001420,Core,true,false,false,false,not_applicable,
pcp_core_001421,Core,true,false,false,false,not_applicable,
pcp_core_001422,Core,true,false,false,false,not_applicable,
pcp_core_001423,Core,true,false,false,false,not_applicable,
pcp_core_001424,Core,true,false,false,false,not_applicable,
pcp_core_001425,Core,true,false,false,false,not_applicable,
pcp_core_001426,Core,true,false,false,false,not_applicable,
pcp_core_001427,Core,true,false,false,false,not_applicable,
pcp_core_001428,Core,true,false,false,false,not_applicable,
pcp_core_001429,Core,true,false,false,false,not_applicable,
pcp_core_001430,Core,true,false,false,false,not_applicable,
pcp_core_001431,Core,true,false,false,false,not_applicable,
pcp_core_001432,Core,true,false,false,false,not_applicable,
pcp_core_001433,Core,true,false,false,false,not_applicable,
pcp_core_001434,Core,true,false,false,false,not_applicable,
pcp_core_001435,Core,true,false,false,false,not_applicable,
pcp_core_001436,Core,true,false,false,false,not_applicable,
pcp_core_001437,Core,true,false,false,false,not_applicable,
pcp_core_001438,Core,true,false,false,false,not_applicable,
pcp_core_001439,Core,true,false,false,false,not_applicable,
pcp_core_001440,Core,true,false,false,false,not_applicable,
pcp_core_001441,Core,true,false,false,false,not_applicable,
pcp_core_001442,Core,true,false,false,false,not_applicable,
pcp_core_001443,Core,true,false,false,false,not_applicable,
pcp_core_001444,Core,true,false,false,false,not_applicable,
pcp_core_001445,Core,true,false,false,false,not_applicable,
pcp_core_001446,Core,true,false,false,false,not_applicable,
pcp_core_001447,Core,true,false,false,false,not_applicable,
pcp_core_001448,Core,true,false,false,false,not_applicable,
pcp_core_001449,Core,true,false,false,false,not_applicable,
pcp_core_001450,Core,true,false,false,false,not_applicable,
pcp_core_001451,Core,true,false,false,false,not_applicable,
pcp_core_001452,Core,true,false,false,false,not_applicable,
pcp_core_001453,Core,true,false,false,false,not_applicable,
pcp_core_001454,Core,true,false,false,false,not_applicable,
pcp_core_001455,Core,true,false,false,false,not_applicable,
pcp_core_001456,Core,true,false,false,false,not_applicable,
pcp_core_001457,Core,true,false,false,false,not_applicable,
pcp_core_001458,Core,true,false,false,false,not_applicable,
pcp_core_001459,Core,true,false,false,false,not_applicable,
pcp_core_001460,Core,true,false,false,false,not_applicable,
pcp_core_001461,Core,true,false,false,false,not_applicable,
pcp_core_001462,Core,true,false,false,false,not_applicable,
pcp_core_001463,Core,true,false,false,false,not_applicable,
pcp_core_001464,Core,true,false,false,false,not_applicable,
pcp_core_001465,Core,true,false,false,false,not_applicable,
pcp_core_001466,Core,true,false,false,false,not_applicable,
pcp_core_001467,Core,true,false,false,false,not_applicable,
pcp_core_001468,Core,true,false,false,false,not_applicable,
pcp_core_001469,Core,true,false,false,false,not_applicable,
pcp_core_001470,Core,true,false,false,false,not_applicable,
pcp_core_001471,Core,true,false,false,false,not_applicable,
pcp_core_001472,Core,true,false,false,false,not_applicable,
pcp_core_001473,Core,true,false,false,false,not_applicable,
pcp_core_001474,Core,true,false,false,false,not_applicable,
pcp_core_001475,Core,true,false,false,false,not_applicable,
pcp_core_001476,Core,true,false,false,false,not_applicable,
pcp_core_001477,Core,true,false,false,false,not_applicable,
pcp_core_001478,Core,true,false,false,false,not_applicable,
pcp_core_001479,Core,true,false,false,false,not_applicable,
pcp_core_001480,Core,true,false,false,false,not_applicable,
pcp_core_001481,Core,true,false,false,false,not_applicable,
pcp_core_001482,Core,true,false,false,false,not_applicable,
pcp_core_001483,Core,true,false,false,false,not_applicable,
pcp_core_001484,Core,true,false,false,false,not_applicable,
pcp_core_001485,Core,true,false,false,false,not_applicable,
pcp_core_001486,Core,true,false,false,false,not_applicable,
pcp_core_001487,Core,true,false,false,false,not_applicable,
pcp_core_001488,Core,true,false,false,false,not_applicable,
pcp_core_001489,Core,true,false,false,false,not_applicable,
pcp_core_001490,Core,true,false,false,false,not_applicable,
pcp_core_001491,Core,true,false,false,false,not_applicable,
pcp_core_001492,Core,true,false,false,false,not_applicable,
pcp_core_001493,Core,true,false,false,false,not_applicable,
pcp_core_001494,Core,true,false,false,false,not_applicable,
pcp_core_001495,Core,true,false,false,false,not_applicable,
pcp_core_001496,Core,true,false,false,false,not_applicable,
pcp_core_001497,Core,true,false,false,false,not_applicable,
pcp_core_001498,Core,true,false,false,false,not_applicable,
pcp_core_001499,Core,true,false,false,false,not_applicable,
pcp_core_001500,Core,true,false,false,false,not_applicable,
pcp_core_001501,Core,true,false,false,false,not_applicable,
pcp_core_001502,Core,true,false,false,false,not_applicable,
pcp_core_001503,Core,true,false,false,false,not_applicable,
pcp_core_001504,Core,true,false,false,false,not_applicable,
pcp_core_001505,Core,true,false,false,false,not_applicable,
pcp_core_001506,Core,true,false,false,false,not_applicable,
pcp_core_001507,Core,true,false,false,false,not_applicable,
pcp_core_001508,Core,true,false,false,false,not_applicable,
pcp_core_001509,Core,true,false,false,false,not_applicable,
pcp_core_001510,Core,true,false,false,false,not_applicable,
pcp_core_001511,Core,true,false,false,false,not_applicable,
pcp_core_001512,Core,true,false,false,false,not_applicable,
pcp_core_001513,Core,true,false,false,false,not_applicable,
pcp_core_001514,Core,true,false,false,false,not_applicable,
pcp_core_001515,Core,true,false,false,false,not_applicable,
pcp_core_001516,Core,true,false,false,false,not_applicable,
pcp_core_001517,Core,true,false,false,false,not_applicable,
pcp_core_001518,Core,true,false,false,false,not_applicable,
pcp_core_001519,Core,true,false,false,false,not_applicable,
pcp_core_001520,Core,true,false,false,false,not_applicable,
pcp_core_001521,Core,true,false,false,false,not_applicable,
pcp_core_001522,Core,true,false,false,false,not_applicable,
pcp_core_001523,Core,true,false,false,false,not_applicable,
pcp_core_001524,Core,true,false,false,false,not_applicable,
pcp_core_001525,Core,true,false,false,false,not_applicable,
pcp_core_001526,Core,true,false,false,false,not_applicable,
pcp_core_001527,Core,true,false,false,false,not_applicable,
pcp_core_001528,Core,true,false,false,false,not_applicable,
pcp_core_001529,Core,true,false,false,false,not_applicable,
pcp_core_001530,Core,true,false,false,false,not_applicable,
pcp_core_001531,Core,true,false,false,false,not_applicable,
pcp_core_001532,Core,true,false,false,false,not_applicable,
pcp_core_001533,Core,true,false,false,false,not_applicable,
pcp_core_001534,Core,true,false,false,false,not_applicable,
pcp_core_001535,Core,true,false,false,false,not_applicable,
pcp_core_001536,Core,true,false,false,false,not_applicable,
pcp_core_001537,Core,true,false,false,false,not_applicable,
pcp_core_001538,Core,true,false,false,false,not_applicable,
pcp_core_001539,Core,true,false,false,false,not_applicable,
pcp_core_001540,Core,true,false,false,false,not_applicable,
pcp_core_001541,Core,true,false,false,false,not_applicable,
pcp_core_001542,Core,true,false,false,false,not_applicable,
pcp_core_001543,Core,true,false,false,false,not_applicable,
pcp_core_001544,Core,true,false,false,false,not_applicable,
pcp_core_001545,Core,true,false,false,false,not_applicable,
pcp_core_001546,Core,true,false,false,false,not_applicable,
pcp_core_001547,Core,true,false,false,false,not_applicable,
pcp_core_001548,Core,true,false,false,false,not_applicable,
pcp_core_001549,Core,true,false,false,false,not_applicable,
pcp_core_001550,Core,true,false,false,false,not_applicable,
pcp_core_001551,Core,true,false,false,false,not_applicable,
pcp_core_001552,Core,true,false,false,false,not_applicable,
pcp_core_001553,Core,true,false,false,false,not_applicable,
pcp_core_001554,Core,true,false,false,false,not_applicable,
pcp_core_001555,Core,true,false,false,false,not_applicable,
pcp_core_001556,Core,true,false,false,false,not_applicable,
pcp_core_001557,Core,true,false,false,false,not_applicable,
pcp_core_001558,Core,true,false,false,false,not_applicable,
pcp_core_001559,Core,true,false,false,false,not_applicable,
pcp_core_001560,Core,true,false,false,false,not_applicable,
pcp_core_001561,Core,true,false,false,false,not_applicable,
pcp_core_001562,Core,true,false,false,false,not_applicable,
pcp_core_001563,Core,true,false,false,false,not_applicable,
pcp_core_001564,Core,true,false,false,false,not_applicable,
pcp_core_001565,Core,true,false,false,false,not_applicable,
pcp_core_001566,Core,true,false,false,false,not_applicable,
pcp_core_001567,Core,true,false,false,false,not_applicable,
pcp_core_001568,Core,true,false,false,false,not_applicable,
pcp_core_001569,Core,true,false,false,false,not_applicable,
pcp_core_001570,Core,true,false,false,false,not_applicable,
pcp_core_001571,Core,true,false,false,false,not_applicable,
pcp_core_001572,Core,true,false,false,false,not_applicable,
pcp_core_001573,Core,true,false,false,false,not_applicable,
pcp_core_001574,Core,true,false,false,false,not_applicable,
pcp_core_001575,Core,true,false,false,false,not_applicable,
pcp_core_001576,Core,true,false,false,false,not_applicable,
pcp_core_001577,Core,true,false,false,false,not_applicable,
pcp_core_001578,Core,true,false,false,false,not_applicable,
pcp_core_001579,Core,true,false,false,false,not_applicable,
pcp_core_001580,Core,true,false,false,false,not_applicable,
pcp_core_001581,Core,true,false,false,false,not_applicable,
pcp_core_001582,Core,true,false,false,false,not_applicable,
pcp_core_001583,Core,true,false,false,false,not_applicable,
pcp_core_001584,Core,true,false,false,false,not_applicable,
pcp_core_001585,Core,true,false,false,false,not_applicable,
pcp_core_001586,Core,true,false,false,false,not_applicable,
pcp_core_001587,Core,true,false,false,false,not_applicable,
pcp_core_001588,Core,true,false,false,false,not_applicable,
pcp_core_001589,Core,true,false,false,false,not_applicable,
pcp_core_001590,Core,true,false,false,false,not_applicable,
pcp_core_001591,Core,true,false,false,false,not_applicable,
pcp_core_001592,Core,true,false,false,false,not_applicable,
pcp_core_001593,Core,true,false,false,false,not_applicable,
pcp_core_001594,Core,true,false,false,false,not_applicable,
pcp_core_001595,Core,true,false,false,false,not_applicable,
pcp_core_001596,Core,true,false,false,false,not_applicable,
pcp_core_001597,Core,true,false,false,false,not_applicable,
pcp_core_001598,Core,true,false,false,false,not_applicable,
pcp_core_001599,Core,true,false,false,false,not_applicable,
pcp_core_001600,Core,true,false,false,false,not_applicable,
pcp_core_001601,Core,true,false,false,false,not_applicable,
pcp_core_001602,Core,true,false,false,false,not_applicable,
pcp_core_001603,Core,true,false,false,false,not_applicable,
pcp_core_001604,Core,true,false,false,false,not_applicable,
pcp_core_001605,Core,true,false,false,false,not_applicable,
pcp_core_001606,Core,true,false,false,false,not_applicable,
pcp_core_001607,Core,true,false,false,false,not_applicable,
pcp_core_001608,Core,true,false,false,false,not_applicable,
pcp_core_001609,Core,true,false,false,false,not_applicable,
pcp_core_001610,Core,true,false,false,false,not_applicable,
pcp_core_001611,Core,true,false,false,false,not_applicable,
pcp_core_001612,Core,true,false,false,false,not_applicable,
pcp_core_001613,Core,true,false,false,false,not_applicable,
pcp_core_001614,Core,true,false,false,false,not_applicable,
pcp_core_001615,Core,true,false,false,false,not_applicable,
pcp_core_001616,Core,true,false,false,false,not_applicable,
pcp_core_001617,Core,true,false,false,false,not_applicable,
pcp_core_001618,Core,true,false,false,false,not_applicable,
pcp_core_001619,Core,true,false,false,false,not_applicable,
pcp_core_001620,Core,true,false,false,false,not_applicable,
pcp_core_001621,Core,true,false,false,false,not_applicable,
pcp_core_001622,Core,true,false,false,false,not_applicable,
pcp_core_001623,Core,true,false,false,false,not_applicable,
pcp_core_001624,Core,true,false,false,false,not_applicable,
pcp_core_001625,Core,true,false,false,false,not_applicable,
pcp_core_001626,Core,true,false,false,false,not_applicable,
pcp_core_001627,Core,true,false,false,false,not_applicable,
pcp_core_001628,Core,true,false,false,false,not_applicable,
pcp_core_001629,Core,true,false,false,false,not_applicable,
pcp_core_001630,Core,true,false,false,false,not_applicable,
pcp_core_001631,Core,true,false,false,false,not_applicable,
pcp_core_001632,Core,true,false,false,false,not_applicable,
pcp_core_001633,Core,true,false,false,false,not_applicable,
pcp_core_001634,Core,true,false,false,false,not_applicable,
pcp_core_001635,Core,true,false,false,false,not_applicable,
pcp_core_001636,Core,true,false,false,false,not_applicable,
pcp_core_001637,Core,true,false,false,false,not_applicable,
pcp_core_001638,Core,true,false,false,false,not_applicable,
pcp_core_001639,Core,true,false,false,false,not_applicable,
pcp_core_001640,Core,true,false,false,false,not_applicable,
pcp_core_001641,Core,true,false,false,false,not_applicable,
pcp_core_001642,Core,true,false,false,false,not_applicable,
pcp_core_001643,Core,true,false,false,false,not_applicable,
pcp_core_001644,Core,true,false,false,false,not_applicable,
pcp_core_001645,Core,true,false,false,false,not_applicable,
pcp_core_001646,Core,true,false,false,false,not_applicable,
pcp_core_001647,Core,true,false,false,false,not_applicable,
pcp_core_001648,Core,true,false,false,false,not_applicable,
pcp_core_001649,Core,true,false,false,false,not_applicable,
pcp_core_001650,Core,true,false,false,false,not_applicable,
pcp_core_001651,Core,true,false,false,false,not_applicable,
pcp_core_001652,Core,true,false,false,false,not_applicable,
pcp_core_001653,Core,true,false,false,false,not_applicable,
pcp_core_001654,Core,true,false,false,false,not_applicable,
pcp_core_001655,Core,true,false,false,false,not_applicable,
pcp_core_001656,Core,true,false,false,false,not_applicable,
pcp_core_001657,Core,true,false,false,false,not_applicable,
pcp_core_001658,Core,true,false,false,false,not_applicable,
pcp_core_001659,Core,true,false,false,false,not_applicable,
pcp_core_001660,Core,true,false,false,false,not_applicable,
pcp_core_001661,Core,true,false,false,false,not_applicable,
pcp_core_001662,Core,true,false,false,false,not_applicable,
pcp_core_001663,Core,true,false,false,false,not_applicable,
pcp_core_001664,Core,true,false,false,false,not_applicable,
pcp_core_001665,Core,true,false,false,false,not_applicable,
pcp_core_001666,Core,true,false,false,false,not_applicable,
pcp_core_001667,Core,true,false,false,false,not_applicable,
pcp_core_001668,Core,true,false,false,false,not_applicable,
pcp_core_001669,Core,true,false,false,false,not_applicable,
pcp_core_001670,Core,true,false,false,false,not_applicable,
pcp_core_001671,Core,true,false,false,false,not_applicable,
pcp_core_001672,Core,true,false,false,false,not_applicable,
pcp_core_001673,Core,true,false,false,false,not_applicable,
pcp_core_001674,Core,true,false,false,false,not_applicable,
pcp_core_001675,Core,true,false,false,false,not_applicable,
pcp_core_001676,Core,true,false,false,false,not_applicable,
pcp_core_001677,Core,true,false,false,false,not_applicable,
pcp_core_001678,Core,true,false,false,false,not_applicable,
pcp_core_001679,Core,true,false,false,false,not_applicable,
pcp_core_001680,Core,true,false,false,false,not_applicable,
pcp_core_001681,Core,true,false,false,false,not_applicable,
pcp_core_001682,Core,true,false,false,false,not_applicable,
pcp_core_001683,Core,true,false,false,false,not_applicable,
pcp_core_001684,Core,true,false,false,false,not_applicable,
pcp_core_001685,Core,true,false,false,false,not_applicable,
pcp_core_001686,Core,true,false,false,false,not_applicable,
pcp_core_001687,Core,true,false,false,false,not_applicable,
pcp_core_001688,Core,true,false,false,false,not_applicable,
pcp_core_001689,Core,true,false,false,false,not_applicable,
pcp_core_001690,Core,true,false,false,false,not_applicable,
pcp_core_001691,Core,true,false,false,false,not_applicable,
pcp_core_001692,Core,true,false,false,false,not_applicable,
pcp_core_001693,Core,true,false,false,false,not_applicable,
pcp_core_001694,Core,true,false,false,false,not_applicable,
pcp_core_001695,Core,true,false,false,false,not_applicable,
pcp_core_001696,Core,true,false,false,false,not_applicable,
pcp_core_001697,Core,true,false,false,false,not_applicable,
pcp_core_001698,Core,true,false,false,false,not_applicable,
pcp_core_001699,Core,true,false,false,false,not_applicable,
pcp_core_001700,Core,true,false,false,false,not_applicable,
pcp_core_001701,Core,true,false,false,false,not_applicable,
pcp_core_001702,Core,true,false,false,false,not_applicable,
pcp_core_001703,Core,true,false,false,false,not_applicable,
pcp_core_001704,Core,true,false,false,false,not_applicable,
pcp_core_001705,Core,true,false,false,false,not_applicable,
pcp_core_001706,Core,true,false,false,false,not_applicable,
pcp_core_001707,Core,true,false,false,false,not_applicable,
pcp_core_001708,Core,true,false,false,false,not_applicable,
pcp_core_001709,Core,true,false,false,false,not_applicable,
pcp_core_001710,Core,true,false,false,false,not_applicable,
pcp_core_001711,Core,true,false,false,false,not_applicable,
pcp_core_001712,Core,true,false,false,false,not_applicable,
pcp_core_001713,Core,true,false,false,false,not_applicable,
pcp_core_001714,Core,true,false,false,false,not_applicable,
pcp_core_001715,Core,true,false,false,false,not_applicable,
pcp_core_001716,Core,true,false,false,false,not_applicable,
pcp_core_001717,Core,true,false,false,false,not_applicable,
pcp_core_001718,Core,true,false,false,false,not_applicable,
pcp_core_001719,Core,true,false,false,false,not_applicable,
pcp_core_001720,Core,true,false,false,false,not_applicable,
pcp_core_001721,Core,true,false,false,false,not_applicable,
pcp_core_001722,Core,true,false,false,false,not_applicable,
pcp_core_001723,Core,true,false,false,false,not_applicable,
pcp_core_001724,Core,true,false,false,false,not_applicable,
pcp_core_001725,Core,true,false,false,false,not_applicable,
pcp_core_001726,Core,true,false,false,false,not_applicable,
pcp_core_001727,Core,true,false,false,false,not_applicable,
pcp_core_001728,Core,true,false,false,false,not_applicable,
pcp_core_001729,Core,true,false,false,false,not_applicable,
pcp_core_001730,Core,true,false,false,false,not_applicable,
pcp_core_001731,Core,true,false,false,false,not_applicable,
pcp_core_001732,Core,true,false,false,false,not_applicable,
pcp_core_001733,Core,true,false,false,false,not_applicable,
pcp_core_001734,Core,true,false,false,false,not_applicable,
pcp_core_001735,Core,true,false,false,false,not_applicable,
pcp_core_001736,Core,true,false,false,false,not_applicable,
pcp_core_001737,Core,true,false,false,false,not_applicable,
pcp_core_001738,Core,true,false,false,false,not_applicable,
pcp_core_001739,Core,true,false,false,false,not_applicable,
pcp_core_001740,Core,true,false,false,false,not_applicable,
pcp_core_001741,Core,true,false,false,false,not_applicable,
pcp_core_001742,Core,true,false,false,false,not_applicable,
pcp_core_001743,Core,true,false,false,false,not_applicable,
pcp_core_001744,Core,true,false,false,false,not_applicable,
pcp_core_001745,Core,true,false,false,false,not_applicable,
pcp_core_001746,Core,true,false,false,false,not_applicable,
pcp_core_001747,Core,true,false,false,false,not_applicable,
pcp_core_001748,Core,true,false,false,false,not_applicable,
pcp_core_001749,Core,true,false,false,false,not_applicable,
pcp_core_001750,Core,true,false,false,false,not_applicable,
pcp_core_001751,Core,true,false,false,false,not_applicable,
pcp_core_001752,Core,true,false,false,false,not_applicable,
pcp_core_001753,Core,true,false,false,false,not_applicable,
pcp_core_001754,Core,true,false,false,false,not_applicable,
pcp_core_001755,Core,true,false,false,false,not_applicable,
pcp_core_001756,Core,true,false,false,false,not_applicable,
pcp_core_001757,Core,true,false,false,false,not_applicable,
pcp_core_001758,Core,true,false,false,false,not_applicable,
pcp_core_001759,Core,true,false,false,false,not_applicable,
pcp_core_001760,Core,true,false,false,false,not_applicable,
pcp_core_001761,Core,true,false,false,false,not_applicable,
pcp_core_001762,Core,true,false,false,false,not_applicable,
pcp_core_001763,Core,true,false,false,false,not_applicable,
pcp_core_001764,Core,true,false,false,false,not_applicable,
pcp_core_001765,Core,true,false,false,false,not_applicable,
pcp_core_001766,Core,true,false,false,false,not_applicable,
pcp_core_001767,Core,true,false,false,false,not_applicable,
pcp_core_001768,Core,true,false,false,false,not_applicable,
pcp_core_001769,Core,true,false,false,false,not_applicable,
pcp_core_001770,Core,true,false,false,false,not_applicable,
pcp_core_001771,Core,true,false,false,false,not_applicable,
pcp_core_001772,Core,true,false,false,false,not_applicable,
pcp_core_001773,Core,true,false,false,false,not_applicable,
pcp_core_001774,Core,true,false,false,false,not_applicable,
pcp_core_001775,Core,true,false,false,false,not_applicable,
pcp_core_001776,Core,true,false,false,false,not_applicable,
pcp_core_001777,Core,true,false,false,false,not_applicable,
pcp_core_001778,Core,true,false,false,false,not_applicable,
pcp_core_001779,Core,true,false,false,false,not_applicable,
pcp_core_001780,Core,true,false,false,false,not_applicable,
pcp_core_001781,Core,true,false,false,false,not_applicable,
pcp_core_001782,Core,true,false,false,false,not_applicable,
pcp_core_001783,Core,true,false,false,false,not_applicable,
pcp_core_001784,Core,true,false,false,false,not_applicable,
pcp_core_001785,Core,true,false,false,false,not_applicable,
pcp_core_001786,Core,true,false,false,false,not_applicable,
pcp_core_001787,Core,true,false,false,false,not_applicable,
pcp_core_001788,Core,true,false,false,false,not_applicable,
pcp_core_001789,Core,true,false,false,false,not_applicable,
pcp_core_001790,Core,true,false,false,false,not_applicable,
pcp_core_001791,Core,true,false,false,false,not_applicable,
pcp_core_001792,Core,true,false,false,false,not_applicable,
pcp_core_001793,Core,true,false,false,false,not_applicable,
pcp_core_001794,Core,true,false,false,false,not_applicable,
pcp_core_001795,Core,true,false,false,false,not_applicable,
pcp_core_001796,Core,true,false,false,false,not_applicable,
pcp_core_001797,Core,true,false,false,false,not_applicable,
pcp_core_001798,Core,true,false,false,false,not_applicable,
pcp_core_001799,Core,true,false,false,false,not_applicable,
pcp_core_001800,Core,true,false,false,false,not_applicable,
pcp_core_001801,Core,true,false,false,false,not_applicable,
pcp_core_001802,Core,true,false,false,false,not_applicable,
pcp_core_001803,Core,true,false,false,false,not_applicable,
pcp_core_001804,Core,true,false,false,false,not_applicable,
pcp_core_001805,Core,true,false,false,false,not_applicable,
pcp_core_001806,Core,true,false,false,false,not_applicable,
pcp_core_001807,Core,true,false,false,false,not_applicable,
pcp_core_001808,Core,true,false,false,false,not_applicable,
pcp_core_001809,Core,true,false,false,false,not_applicable,
pcp_core_001810,Core,true,false,false,false,not_applicable,
pcp_core_001811,Core,true,false,false,false,not_applicable,
pcp_core_001812,Core,true,false,false,false,not_applicable,
pcp_core_001813,Core,true,false,false,false,not_applicable,
pcp_core_001814,Core,true,false,false,false,not_applicable,
pcp_core_001815,Core,true,false,false,false,not_applicable,
pcp_core_001816,Core,true,false,false,false,not_applicable,
pcp_core_001817,Core,true,false,false,false,not_applicable,
pcp_core_001818,Core,true,false,false,false,not_applicable,
pcp_core_001819,Core,true,false,false,false,not_applicable,
pcp_core_001820,Core,true,false,false,false,not_applicable,
pcp_core_001821,Core,true,false,false,false,not_applicable,
pcp_core_001822,Core,true,false,false,false,not_applicable,
pcp_core_001823,Core,true,false,false,false,not_applicable,
pcp_core_001824,Core,true,false,false,false,not_applicable,
pcp_core_001825,Core,true,false,false,false,not_applicable,
pcp_core_001826,Core,true,false,false,false,not_applicable,
pcp_core_001827,Core,true,false,false,false,not_applicable,
pcp_core_001828,Core,true,false,false,false,not_applicable,
pcp_core_001829,Core,true,false,false,false,not_applicable,
pcp_core_001830,Core,true,false,false,false,not_applicable,
pcp_core_001831,Core,true,false,false,false,not_applicable,
pcp_core_001832,Core,true,false,false,false,not_applicable,
pcp_core_001833,Core,true,false,false,false,not_applicable,
pcp_core_001834,Core,true,false,false,false,not_applicable,
pcp_core_001835,Core,true,false,false,false,not_applicable,
pcp_core_001836,Core,true,false,false,false,not_applicable,
pcp_core_001837,Core,true,false,false,false,not_applicable,
pcp_core_001838,Core,true,false,false,false,not_applicable,
pcp_core_001839,Core,true,false,false,false,not_applicable,
pcp_core_001840,Core,true,false,false,false,not_applicable,
pcp_core_001841,Core,true,false,false,false,not_applicable,
pcp_core_001842,Core,true,false,false,false,not_applicable,
pcp_core_001843,Core,true,false,false,false,not_applicable,
pcp_core_001844,Core,true,false,false,false,not_applicable,
pcp_core_001845,Core,true,false,false,false,not_applicable,
pcp_core_001846,Core,true,false,false,false,not_applicable,
pcp_core_001847,Core,true,false,false,false,not_applicable,
pcp_core_001848,Core,true,false,false,false,not_applicable,
pcp_core_001849,Core,true,false,false,false,not_applicable,
pcp_core_001850,Core,true,false,false,false,not_applicable,
pcp_core_001851,Core,true,false,false,false,not_applicable,
pcp_core_001852,Core,true,false,false,false,not_applicable,
pcp_core_001853,Core,true,false,false,false,not_applicable,
pcp_core_001854,Core,true,false,false,false,not_applicable,
pcp_core_001855,Core,true,false,false,false,not_applicable,
pcp_core_001856,Core,true,false,false,false,not_applicable,
pcp_core_001857,Core,true,false,false,false,not_applicable,
pcp_core_001858,Core,true,false,false,false,not_applicable,
pcp_core_001859,Core,true,false,false,false,not_applicable,
pcp_core_001860,Core,true,false,false,false,not_applicable,
pcp_core_001861,Core,true,false,false,false,not_applicable,
pcp_core_001862,Core,true,false,false,false,not_applicable,
pcp_core_001863,Core,true,false,false,false,not_applicable,
pcp_core_001864,Core,true,false,false,false,not_applicable,
pcp_core_001865,Core,true,false,false,false,not_applicable,
pcp_core_001866,Core,true,false,false,false,not_applicable,
pcp_core_001867,Core,true,false,false,false,not_applicable,
pcp_core_001868,Core,true,false,false,false,not_applicable,
pcp_core_001869,Core,true,false,false,false,not_applicable,
pcp_core_001870,Core,true,false,false,false,not_applicable,
pcp_core_001871,Core,true,false,false,false,not_applicable,
pcp_core_001872,Core,true,false,false,false,not_applicable,
pcp_core_001873,Core,true,false,false,false,not_applicable,
pcp_core_001874,Core,true,false,false,false,not_applicable,
pcp_core_001875,Core,true,false,false,false,not_applicable,
pcp_core_001876,Core,true,false,false,false,not_applicable,
pcp_core_001877,Core,true,false,false,false,not_applicable,
pcp_core_001878,Core,true,false,false,false,not_applicable,
pcp_core_001879,Core,true,false,false,false,not_applicable,
pcp_core_001880,Core,true,false,false,false,not_applicable,
pcp_core_001881,Core,true,false,false,false,not_applicable,
pcp_core_001882,Core,true,false,false,false,not_applicable,
pcp_core_001883,Core,true,false,false,false,not_applicable,
pcp_core_001884,Core,true,false,false,false,not_applicable,
pcp_core_001885,Core,true,false,false,false,not_applicable,
pcp_core_001886,Core,true,false,false,false,not_applicable,
pcp_core_001887,Core,true,false,false,false,not_applicable,
pcp_core_001888,Core,true,false,false,false,not_applicable,
pcp_core_001889,Core,true,false,false,false,not_applicable,
pcp_core_001890,Core,true,false,false,false,not_applicable,
pcp_core_001891,Core,true,false,false,false,not_applicable,
pcp_core_001892,Core,true,false,false,false,not_applicable,
pcp_core_001893,Core,true,false,false,false,not_applicable,
pcp_core_001894,Core,true,false,false,false,not_applicable,
pcp_core_001895,Core,true,false,false,false,not_applicable,
pcp_core_001896,Core,true,false,false,false,not_applicable,
pcp_core_001897,Core,true,false,false,false,not_applicable,
pcp_core_001898,Core,true,false,false,false,not_applicable,
pcp_core_001899,Core,true,false,false,false,not_applicable,
pcp_core_001900,Core,true,false,false,false,not_applicable,
pcp_core_001901,Core,true,false,false,false,not_applicable,
pcp_core_001902,Core,true,false,false,false,not_applicable,
pcp_core_001903,Core,true,false,false,false,not_applicable,
pcp_core_001904,Core,true,false,false,false,not_applicable,
pcp_core_001905,Core,true,false,false,false,not_applicable,
pcp_core_001906,Core,true,false,false,false,not_applicable,
pcp_core_001907,Core,true,false,false,false,not_applicable,
pcp_core_001908,Core,true,false,false,false,not_applicable,
pcp_core_001909,Core,true,false,false,false,not_applicable,
pcp_core_001910,Core,true,false,false,false,not_applicable,
pcp_core_001911,Core,true,false,false,false,not_applicable,
pcp_core_001912,Core,true,false,false,false,not_applicable,
pcp_core_001913,Core,true,false,false,false,not_applicable,
pcp_core_001914,Core,true,false,false,false,not_applicable,
pcp_core_001915,Core,true,false,false,false,not_applicable,
pcp_core_001916,Core,true,false,false,false,not_applicable,
pcp_core_001917,Core,true,false,false,false,not_applicable,
pcp_core_001918,Core,true,false,false,false,not_applicable,
pcp_core_001919,Core,true,false,false,false,not_applicable,
pcp_core_001920,Core,true,false,false,false,not_applicable,
pcp_core_001921,Core,true,false,false,false,not_applicable,
pcp_core_001922,Core,true,false,false,false,not_applicable,
pcp_core_001923,Core,true,false,false,false,not_applicable,
pcp_core_001924,Core,true,false,false,false,not_applicable,
pcp_core_001925,Core,true,false,false,false,not_applicable,
pcp_core_001926,Core,true,false,false,false,not_applicable,
pcp_core_001927,Core,true,false,false,false,not_applicable,
pcp_core_001928,Core,true,false,false,false,not_applicable,
pcp_core_001929,Core,true,false,false,false,not_applicable,
pcp_core_001930,Core,true,false,false,false,not_applicable,
pcp_core_001931,Core,true,false,false,false,not_applicable,
pcp_core_001932,Core,true,false,false,false,not_applicable,
pcp_core_001933,Core,true,false,false,false,not_applicable,
pcp_core_001934,Core,true,false,false,false,not_applicable,
pcp_core_001935,Core,true,false,false,false,not_applicable,
pcp_core_001936,Core,true,false,false,false,not_applicable,
pcp_core_001937,Core,true,false,false,false,not_applicable,
pcp_core_001938,Core,true,false,false,false,not_applicable,
pcp_core_001939,Core,true,false,false,false,not_applicable,
pcp_core_001940,Core,true,false,false,false,not_applicable,
pcp_core_001941,Core,true,false,false,false,not_applicable,
pcp_core_001942,Core,true,false,false,false,not_applicable,
pcp_core_001943,Core,true,false,false,false,not_applicable,
pcp_core_001944,Core,true,false,false,false,not_applicable,
pcp_core_001945,Core,true,false,false,false,not_applicable,
pcp_core_001946,Core,true,false,false,false,not_applicable,
pcp_core_001947,Core,true,false,false,false,not_applicable,
pcp_core_001948,Core,true,false,false,false,not_applicable,
pcp_core_001949,Core,true,false,false,false,not_applicable,
pcp_core_001950,Core,true,false,false,false,not_applicable,
pcp_core_001951,Core,true,false,false,false,not_applicable,
pcp_core_001952,Core,true,false,false,false,not_applicable,
pcp_core_001953,Core,true,false,false,false,not_applicable,
pcp_core_001954,Core,true,false,false,false,not_applicable,
pcp_core_001955,Core,true,false,false,false,not_applicable,
pcp_core_001956,Core,true,false,false,false,not_applicable,
pcp_core_001957,Core,true,false,false,false,not_applicable,
pcp_core_001958,Core,true,false,false,false,not_applicable,
pcp_core_001959,Core,true,false,false,false,not_applicable,
pcp_core_001960,Core,true,false,false,false,not_applicable,
pcp_core_001961,Core,true,false,false,false,not_applicable,
pcp_core_001962,Core,true,false,false,false,not_applicable,
pcp_core_001963,Core,true,false,false,false,not_applicable,
pcp_core_001964,Core,true,false,false,false,not_applicable,
pcp_core_001965,Core,true,false,false,false,not_applicable,
pcp_core_001966,Core,true,false,false,false,not_applicable,
pcp_core_001967,Core,true,false,false,false,not_applicable,
pcp_core_001968,Core,true,false,false,false,not_applicable,
pcp_core_001969,Core,true,false,false,false,not_applicable,
pcp_core_001970,Core,true,false,false,false,not_applicable,
pcp_core_001971,Core,true,false,false,false,not_applicable,
pcp_core_001972,Core,true,false,false,false,not_applicable,
pcp_core_001973,Core,true,false,false,false,not_applicable,
pcp_core_001974,Core,true,false,false,false,not_applicable,
pcp_core_001975,Core,true,false,false,false,not_applicable,
pcp_core_001976,Core,true,false,false,false,not_applicable,
pcp_core_001977,Core,true,false,false,false,not_applicable,
pcp_core_001978,Core,true,false,false,false,not_applicable,
pcp_core_001979,Core,true,false,false,false,not_applicable,
pcp_core_001980,Core,true,false,false,false,not_applicable,
pcp_core_001981,Core,true,false,false,false,not_applicable,
pcp_core_001982,Core,true,false,false,false,not_applicable,
pcp_core_001983,Core,true,false,false,false,not_applicable,
pcp_core_001984,Core,true,false,false,false,not_applicable,
pcp_core_001985,Core,true,false,false,false,not_applicable,
pcp_core_001986,Core,true,false,false,false,not_applicable,
pcp_core_001987,Core,true,false,false,false,not_applicable,
pcp_core_001988,Core,true,false,false,false,not_applicable,
pcp_core_001989,Core,true,false,false,false,not_applicable,
pcp_core_001990,Core,true,false,false,false,not_applicable,
pcp_core_001991,Core,true,false,false,false,not_applicable,
pcp_core_001992,Core,true,false,false,false,not_applicable,
pcp_core_001993,Core,true,false,false,false,not_applicable,
pcp_core_001994,Core,true,false,false,false,not_applicable,
pcp_core_001995,Core,true,false,false,false,not_applicable,
pcp_core_001996,Core,true,false,false,false,not_applicable,
pcp_core_001997,Core,true,false,false,false,not_applicable,
pcp_core_001998,Core,true,false,false,false,not_applicable,
pcp_core_001999,Core,true,false,false,false,not_applicable,
pcp_core_002000,Core,true,false,false,false,not_applicable,
pcp_core_002001,Core,true,false,false,false,not_applicable,
pcp_core_002002,Core,true,false,false,false,not_applicable,
pcp_core_002003,Core,true,false,false,false,not_applicable,
pcp_core_002004,Core,true,false,false,false,not_applicable,
pcp_core_002005,Core,true,false,false,false,not_applicable,
pcp_core_002006,Core,true,false,false,false,not_applicable,
pcp_core_002007,Core,true,false,false,false,not_applicable,
pcp_core_002008,Core,true,false,false,false,not_applicable,
pcp_core_002009,Core,true,false,false,false,not_applicable,
pcp_core_002010,Core,true,false,false,false,not_applicable,
pcp_core_002011,Core,true,false,false,false,not_applicable,
pcp_core_002012,Core,true,false,false,false,not_applicable,
pcp_core_002013,Core,true,false,false,false,not_applicable,
pcp_core_002014,Core,true,false,false,false,not_applicable,
pcp_core_002015,Core,true,false,false,false,not_applicable,
pcp_core_002016,Core,true,false,false,false,not_applicable,
pcp_core_002017,Core,true,false,false,false,not_applicable,
pcp_core_002018,Core,true,false,false,false,not_applicable,
pcp_core_002019,Core,true,false,false,false,not_applicable,
pcp_core_002020,Core,true,false,false,false,not_applicable,
pcp_core_002021,Core,true,false,false,false,not_applicable,
pcp_core_002022,Core,true,false,false,false,not_applicable,
pcp_core_002023,Core,true,false,false,false,not_applicable,
pcp_core_002024,Core,true,false,false,false,not_applicable,
pcp_core_002025,Core,true,false,false,false,not_applicable,
pcp_core_002026,Core,true,false,false,false,not_applicable,
pcp_core_002027,Core,true,false,false,false,not_applicable,
pcp_core_002028,Core,true,false,false,false,not_applicable,
pcp_core_002029,Core,true,false,false,false,not_applicable,
pcp_core_002030,Core,true,false,false,false,not_applicable,
pcp_core_002031,Core,true,false,false,false,not_applicable,
pcp_core_002032,Core,true,false,false,false,not_applicable,
pcp_core_002033,Core,true,false,false,false,not_applicable,
pcp_core_002034,Core,true,false,false,false,not_applicable,
pcp_core_002035,Core,true,false,false,false,not_applicable,
pcp_core_002036,Core,true,false,false,false,not_applicable,
pcp_core_002037,Core,true,false,false,false,not_applicable,
pcp_core_002038,Core,true,false,false,false,not_applicable,
pcp_core_002039,Core,true,false,false,false,not_applicable,
pcp_core_002040,Core,true,false,false,false,not_applicable,
pcp_core_002041,Core,true,false,false,false,not_applicable,
pcp_core_002042,Core,true,false,false,false,not_applicable,
pcp_core_002043,Core,true,false,false,false,not_applicable,
pcp_core_002044,Core,true,false,false,false,not_applicable,
pcp_core_002045,Core,true,false,false,false,not_applicable,
pcp_core_002046,Core,true,false,false,false,not_applicable,
pcp_core_002047,Core,true,false,false,false,not_applicable,
pcp_core_002048,Core,true,false,false,false,not_applicable,
pcp_core_002049,Core,true,false,false,false,not_applicable,
pcp_core_002050,Core,true,false,false,false,not_applicable,
pcp_core_002051,Core,true,false,false,false,not_applicable,
pcp_core_002052,Core,true,false,false,false,not_applicable,
pcp_core_002053,Core,true,false,false,false,not_applicable,
pcp_core_002054,Core,true,false,false,false,not_applicable,
pcp_core_002055,Core,true,false,false,false,not_applicable,
pcp_core_002056,Core,true,false,false,false,not_applicable,
pcp_core_002057,Core,true,false,false,false,not_applicable,
pcp_core_002058,Core,true,false,false,false,not_applicable,
pcp_core_002059,Core,true,false,false,false,not_applicable,
pcp_core_002060,Core,true,false,false,false,not_applicable,
pcp_core_002061,Core,true,false,false,false,not_applicable,
pcp_core_002062,Core,true,false,false,false,not_applicable,
pcp_core_002063,Core,true,false,false,false,not_applicable,
pcp_core_002064,Core,true,false,false,false,not_applicable,
pcp_core_002065,Core,true,false,false,false,not_applicable,
pcp_core_002066,Core,true,false,false,false,not_applicable,
pcp_core_002067,Core,true,false,false,false,not_applicable,
pcp_core_002068,Core,true,false,false,false,not_applicable,
pcp_core_002069,Core,true,false,false,false,not_applicable,
pcp_core_002070,Core,true,false,false,false,not_applicable,
pcp_core_002071,Core,true,false,false,false,not_applicable,
pcp_core_002072,Core,true,false,false,false,not_applicable,
pcp_core_002073,Core,true,false,false,false,not_applicable,
pcp_core_002074,Core,true,false,false,false,not_applicable,
pcp_core_002075,Core,true,false,false,false,not_applicable,
pcp_core_002076,Core,true,false,false,false,not_applicable,
pcp_core_002077,Core,true,false,false,false,not_applicable,
pcp_core_002078,Core,true,false,false,false,not_applicable,
pcp_core_002079,Core,true,false,false,false,not_applicable,
pcp_core_002080,Core,true,false,false,false,not_applicable,
pcp_core_002081,Core,true,false,false,false,not_applicable,
pcp_core_002082,Core,true,false,false,false,not_applicable,
pcp_core_002083,Core,true,false,false,false,not_applicable,
pcp_core_002084,Core,true,false,false,false,not_applicable,
pcp_core_002085,Core,true,false,false,false,not_applicable,
pcp_core_002086,Core,true,false,false,false,not_applicable,
pcp_core_002087,Core,true,false,false,false,not_applicable,
pcp_core_002088,Core,true,false,false,false,not_applicable,
pcp_core_002089,Core,true,false,false,false,not_applicable,
pcp_core_002090,Core,true,false,false,false,not_applicable,
pcp_core_002091,Core,true,false,false,false,not_applicable,
pcp_core_002092,Core,true,false,false,false,not_applicable,
pcp_core_002093,Core,true,false,false,false,not_applicable,
pcp_core_002094,Core,true,false,false,false,not_applicable,
pcp_core_002095,Core,true,false,false,false,not_applicable,
pcp_core_002096,Core,true,false,false,false,not_applicable,
pcp_core_002097,Core,true,false,false,false,not_applicable,
pcp_core_002098,Core,true,false,false,false,not_applicable,
pcp_core_002099,Core,true,false,false,false,not_applicable,
pcp_core_002100,Core,true,false,false,false,not_applicable,
pcp_core_002101,Core,true,false,false,false,not_applicable,
pcp_core_002102,Core,true,false,false,false,not_applicable,
pcp_core_002103,Core,true,false,false,false,not_applicable,
pcp_core_002104,Core,true,false,false,false,not_applicable,
pcp_core_002105,Core,true,false,false,false,not_applicable,
pcp_core_002106,Core,true,false,false,false,not_applicable,
pcp_core_002107,Core,true,false,false,false,not_applicable,
pcp_core_002108,Core,true,false,false,false,not_applicable,
pcp_core_002109,Core,true,false,false,false,not_applicable,
pcp_core_002110,Core,true,false,false,false,not_applicable,
pcp_core_002111,Core,true,false,false,false,not_applicable,
pcp_core_002112,Core,true,false,false,false,not_applicable,
pcp_core_002113,Core,true,false,false,false,not_applicable,
pcp_core_002114,Core,true,false,false,false,not_applicable,
pcp_core_002115,Core,true,false,false,false,not_applicable,
pcp_core_002116,Core,true,false,false,false,not_applicable,
pcp_core_002117,Core,true,false,false,false,not_applicable,
pcp_core_002118,Core,true,false,false,false,not_applicable,
pcp_core_002119,Core,true,false,false,false,not_applicable,
pcp_core_002120,Core,true,false,false,false,not_applicable,
pcp_core_002121,Core,true,false,false,false,not_applicable,
pcp_core_002122,Core,true,false,false,false,not_applicable,
pcp_core_002123,Core,true,false,false,false,not_applicable,
pcp_core_002124,Core,true,false,false,false,not_applicable,
pcp_core_002125,Core,true,false,false,false,not_applicable,
pcp_core_002126,Core,true,false,false,false,not_applicable,
pcp_core_002127,Core,true,false,false,false,not_applicable,
pcp_core_002128,Core,true,false,false,false,not_applicable,
pcp_core_002129,Core,true,false,false,false,not_applicable,
pcp_core_002130,Core,true,false,false,false,not_applicable,
pcp_core_002131,Core,true,false,false,false,not_applicable,
pcp_core_002132,Core,true,false,false,false,not_applicable,
pcp_core_002133,Core,true,false,false,false,not_applicable,
pcp_core_002134,Core,true,false,false,false,not_applicable,
pcp_core_002135,Core,true,false,false,false,not_applicable,
pcp_core_002136,Core,true,false,false,false,not_applicable,
pcp_core_002137,Core,true,false,false,false,not_applicable,
pcp_core_002138,Core,true,false,false,false,not_applicable,
pcp_core_002139,Core,true,false,false,false,not_applicable,
pcp_core_002140,Core,true,false,false,false,not_applicable,
pcp_core_002141,Core,true,false,false,false,not_applicable,
pcp_core_002142,Core,true,false,false,false,not_applicable,
pcp_core_002143,Core,true,false,false,false,not_applicable,
pcp_core_002144,Core,true,false,false,false,not_applicable,
pcp_core_002145,Core,true,false,false,false,not_applicable,
pcp_core_002146,Core,true,false,false,false,not_applicable,
pcp_core_002147,Core,true,false,false,false,not_applicable,
pcp_core_002148,Core,true,false,false,false,not_applicable,
pcp_core_002149,Core,true,false,false,false,not_applicable,
pcp_core_002150,Core,true,false,false,false,not_applicable,
pcp_core_002151,Core,true,false,false,false,not_applicable,
pcp_core_002152,Core,true,false,false,false,not_applicable,
pcp_core_002153,Core,true,false,false,false,not_applicable,
pcp_core_002154,Core,true,false,false,false,not_applicable,
pcp_core_002155,Core,true,false,false,false,not_applicable,
pcp_core_002156,Core,true,false,false,false,not_applicable,
pcp_core_002157,Core,true,false,false,false,not_applicable,
pcp_core_002158,Core,true,false,false,false,not_applicable,
pcp_core_002159,Core,true,false,false,false,not_applicable,
pcp_core_002160,Core,true,false,false,false,not_applicable,
pcp_core_002161,Core,true,false,false,false,not_applicable,
pcp_core_002162,Core,true,false,false,false,not_applicable,
pcp_core_002163,Core,true,false,false,false,not_applicable,
pcp_core_002164,Core,true,false,false,false,not_applicable,
pcp_core_002165,Core,true,false,false,false,not_applicable,
pcp_core_002166,Core,true,false,false,false,not_applicable,
pcp_core_002167,Core,true,false,false,false,not_applicable,
pcp_core_002168,Core,true,false,false,false,not_applicable,
pcp_core_002169,Core,true,false,false,false,not_applicable,
pcp_core_002170,Core,true,false,false,false,not_applicable,
pcp_core_002171,Core,true,false,false,false,not_applicable,
pcp_core_002172,Core,true,false,false,false,not_applicable,
pcp_core_002173,Core,true,false,false,false,not_applicable,
pcp_core_002174,Core,true,false,false,false,not_applicable,
pcp_core_002175,Core,true,false,false,false,not_applicable,
pcp_core_002176,Core,true,false,false,false,not_applicable,
pcp_core_002177,Core,true,false,false,false,not_applicable,
pcp_core_002178,Core,true,false,false,false,not_applicable,
pcp_core_002179,Core,true,false,false,false,not_applicable,
pcp_core_002180,Core,true,false,false,false,not_applicable,
pcp_core_002181,Core,true,false,false,false,not_applicable,
pcp_core_002182,Core,true,false,false,false,not_applicable,
pcp_core_002183,Core,true,false,false,false,not_applicable,
pcp_core_002184,Core,true,false,false,false,not_applicable,
pcp_core_002185,Core,true,false,false,false,not_applicable,
pcp_core_002186,Core,true,false,false,false,not_applicable,
pcp_core_002187,Core,true,false,false,false,not_applicable,
pcp_core_002188,Core,true,false,false,false,not_applicable,
pcp_core_002189,Core,true,false,false,false,not_applicable,
pcp_core_002190,Core,true,false,false,false,not_applicable,
pcp_core_002191,Core,true,false,false,false,not_applicable,
pcp_core_002192,Core,true,false,false,false,not_applicable,
pcp_core_002193,Core,true,false,false,false,not_applicable,
pcp_core_002194,Core,true,false,false,false,not_applicable,
pcp_core_002195,Core,true,false,false,false,not_applicable,
pcp_core_002196,Core,true,false,false,false,not_applicable,
pcp_core_002197,Core,true,false,false,false,not_applicable,
pcp_core_002198,Core,true,false,false,false,not_applicable,
pcp_core_002199,Core,true,false,false,false,not_applicable,
pcp_core_002200,Core,true,false,false,false,not_applicable,
pcp_core_002201,Core,true,false,false,false,not_applicable,
pcp_core_002202,Core,true,false,false,false,not_applicable,
pcp_core_002203,Core,true,false,false,false,not_applicable,
pcp_core_002204,Core,true,false,false,false,not_applicable,
pcp_core_002205,Core,true,false,false,false,not_applicable,
pcp_core_002206,Core,true,false,false,false,not_applicable,
pcp_core_002207,Core,true,false,false,false,not_applicable,
pcp_core_002208,Core,true,false,false,false,not_applicable,
pcp_core_002209,Core,true,false,false,false,not_applicable,
pcp_core_002210,Core,true,false,false,false,not_applicable,
pcp_core_002211,Core,true,false,false,false,not_applicable,
pcp_core_002212,Core,true,false,false,false,not_applicable,
pcp_core_002213,Core,true,false,false,false,not_applicable,
pcp_core_002214,Core,true,false,false,false,not_applicable,
pcp_core_002215,Core,true,false,false,false,not_applicable,
pcp_core_002216,Core,true,false,false,false,not_applicable,
pcp_core_002217,Core,true,false,false,false,not_applicable,
pcp_core_002218,Core,true,false,false,false,not_applicable,
pcp_core_002219,Core,true,false,false,false,not_applicable,
pcp_core_002220,Core,true,false,false,false,not_applicable,
pcp_core_002221,Core,true,false,false,false,not_applicable,
pcp_core_002222,Core,true,false,false,false,not_applicable,
pcp_core_002223,Core,true,false,false,false,not_applicable,
pcp_core_002224,Core,true,false,false,false,not_applicable,
pcp_core_002225,Core,true,false,false,false,not_applicable,
pcp_core_002226,Core,true,false,false,false,not_applicable,
pcp_core_002227,Core,true,false,false,false,not_applicable,
pcp_core_002228,Core,true,false,false,false,not_applicable,
pcp_core_002229,Core,true,false,false,false,not_applicable,
pcp_core_002230,Core,true,false,false,false,not_applicable,
pcp_core_002231,Core,true,false,false,false,not_applicable,
pcp_core_002232,Core,true,false,false,false,not_applicable,
pcp_core_002233,Core,true,false,false,false,not_applicable,
pcp_core_002234,Core,true,false,false,false,not_applicable,
pcp_core_002235,Core,true,false,false,false,not_applicable,
pcp_core_002236,Core,true,false,false,false,not_applicable,
pcp_core_002237,Core,true,false,false,false,not_applicable,
pcp_core_002238,Core,true,false,false,false,not_applicable,
pcp_core_002239,Core,true,false,false,false,not_applicable,
pcp_core_002240,Core,true,false,false,false,not_applicable,
pcp_core_002241,Core,true,false,false,false,not_applicable,
pcp_core_002242,Core,true,false,false,false,not_applicable,
pcp_core_002243,Core,true,false,false,false,not_applicable,
pcp_core_002244,Core,true,false,false,false,not_applicable,
pcp_core_002245,Core,true,false,false,false,not_applicable,
pcp_core_002246,Core,true,false,false,false,not_applicable,
pcp_core_002247,Core,true,false,false,false,not_applicable,
pcp_core_002248,Core,true,false,false,false,not_applicable,
pcp_core_002249,Core,true,false,false,false,not_applicable,
pcp_core_002250,Core,true,false,false,false,not_applicable,
pcp_core_002251,Core,true,false,false,false,not_applicable,
pcp_core_002252,Core,true,false,false,false,not_applicable,
pcp_core_002253,Core,true,false,false,false,not_applicable,
pcp_core_002254,Core,true,false,false,false,not_applicable,
pcp_core_002255,Core,true,false,false,false,not_applicable,
pcp_core_002256,Core,true,false,false,false,not_applicable,
pcp_core_002257,Core,true,false,false,false,not_applicable,
pcp_core_002258,Core,true,false,false,false,not_applicable,
pcp_core_002259,Core,true,false,false,false,not_applicable,
pcp_core_002260,Core,true,false,false,false,not_applicable,
pcp_core_002261,Core,true,false,false,false,not_applicable,
pcp_core_002262,Core,true,false,false,false,not_applicable,
pcp_core_002263,Core,true,false,false,false,not_applicable,
pcp_core_002264,Core,true,false,false,false,not_applicable,
pcp_core_002265,Core,true,false,false,false,not_applicable,
pcp_core_002266,Core,true,false,false,false,not_applicable,
pcp_core_002267,Core,true,false,false,false,not_applicable,
pcp_core_002268,Core,true,false,false,false,not_applicable,
pcp_core_002269,Core,true,false,false,false,not_applicable,
pcp_core_002270,Core,true,false,false,false,not_applicable,
pcp_core_002271,Core,true,false,false,false,not_applicable,
pcp_core_002272,Core,true,false,false,false,not_applicable,
pcp_core_002273,Core,true,false,false,false,not_applicable,
pcp_core_002274,Core,true,false,false,false,not_applicable,
pcp_core_002275,Core,true,false,false,false,not_applicable,
pcp_core_002276,Core,true,false,false,false,not_applicable,
pcp_core_002277,Core,true,false,false,false,not_applicable,
pcp_core_002278,Core,true,false,false,false,not_applicable,
pcp_core_002279,Core,true,false,false,false,not_applicable,
pcp_core_002280,Core,true,false,false,false,not_applicable,
pcp_core_002281,Core,true,false,false,false,not_applicable,
pcp_core_002282,Core,true,false,false,false,not_applicable,
pcp_core_002283,Core,true,false,false,false,not_applicable,
pcp_core_002284,Core,true,false,false,false,not_applicable,
pcp_core_002285,Core,true,false,false,false,not_applicable,
pcp_core_002286,Core,true,false,false,false,not_applicable,
pcp_core_002287,Core,true,false,false,false,not_applicable,
pcp_core_002288,Core,true,false,false,false,not_applicable,
pcp_core_002289,Core,true,false,false,false,not_applicable,
pcp_core_002290,Core,true,false,false,false,not_applicable,
pcp_core_002291,Core,true,false,false,false,not_applicable,
pcp_core_002292,Core,true,false,false,false,not_applicable,
pcp_core_002293,Core,true,false,false,false,not_applicable,
pcp_core_002294,Core,true,false,false,false,not_applicable,
pcp_core_002295,Core,true,false,false,false,not_applicable,
pcp_core_002296,Core,true,false,false,false,not_applicable,
pcp_core_002297,Core,true,false,false,false,not_applicable,
pcp_core_002298,Core,true,false,false,false,not_applicable,
pcp_core_002299,Core,true,false,false,false,not_applicable,
pcp_core_002300,Core,true,false,false,false,not_applicable,
pcp_core_002301,Core,true,false,false,false,not_applicable,
pcp_core_002302,Core,true,false,false,false,not_applicable,
pcp_core_002303,Core,true,false,false,false,not_applicable,
pcp_core_002304,Core,true,false,false,false,not_applicable,
pcp_core_002305,Core,true,false,false,false,not_applicable,
pcp_core_002306,Core,true,false,false,false,not_applicable,
pcp_core_002307,Core,true,false,false,false,not_applicable,
pcp_core_002308,Core,true,false,false,false,not_applicable,
pcp_core_002309,Core,true,false,false,false,not_applicable,
pcp_core_002310,Core,true,false,false,false,not_applicable,
pcp_core_002311,Core,true,false,false,false,not_applicable,
pcp_core_002312,Core,true,false,false,false,not_applicable,
pcp_core_002313,Core,true,false,false,false,not_applicable,
pcp_core_002314,Core,true,false,false,false,not_applicable,
pcp_core_002315,Core,true,false,false,false,not_applicable,
pcp_core_002316,Core,true,false,false,false,not_applicable,
pcp_core_002317,Core,true,false,false,false,not_applicable,
pcp_core_002318,Core,true,false,false,false,not_applicable,
pcp_core_002319,Core,true,false,false,false,not_applicable,
pcp_core_002320,Core,true,false,false,false,not_applicable,
pcp_core_002321,Core,true,false,false,false,not_applicable,
pcp_core_002322,Core,true,false,false,false,not_applicable,
pcp_core_002323,Core,true,false,false,false,not_applicable,
pcp_core_002324,Core,true,false,false,false,not_applicable,
pcp_core_002325,Core,true,false,false,false,not_applicable,
pcp_core_002326,Core,true,false,false,false,not_applicable,
pcp_core_002327,Core,true,false,false,false,not_applicable,
pcp_core_002328,Core,true,false,false,false,not_applicable,
pcp_core_002329,Core,true,false,false,false,not_applicable,
pcp_core_002330,Core,true,false,false,false,not_applicable,
pcp_core_002331,Core,true,false,false,false,not_applicable,
pcp_core_002332,Core,true,false,false,false,not_applicable,
pcp_core_002333,Core,true,false,false,false,not_applicable,
pcp_core_002334,Core,true,false,false,false,not_applicable,
pcp_core_002335,Core,true,false,false,false,not_applicable,
pcp_core_002336,Core,true,false,false,false,not_applicable,
pcp_core_002337,Core,true,false,false,false,not_applicable,
pcp_core_002338,Core,true,false,false,false,not_applicable,
pcp_core_002339,Core,true,false,false,false,not_applicable,
pcp_core_002340,Core,true,false,false,false,not_applicable,
pcp_core_002341,Core,true,false,false,false,not_applicable,
pcp_core_002342,Core,true,false,false,false,not_applicable,
pcp_core_002343,Core,true,false,false,false,not_applicable,
pcp_core_002344,Core,true,false,false,false,not_applicable,
pcp_core_002345,Core,true,false,false,false,not_applicable,
pcp_core_002346,Core,true,false,false,false,not_applicable,
pcp_core_002347,Core,true,false,false,false,not_applicable,
pcp_core_002348,Core,true,false,false,false,not_applicable,
pcp_core_002349,Core,true,false,false,false,not_applicable,
pcp_core_002350,Core,true,false,false,false,not_applicable,
pcp_core_002351,Core,true,false,false,false,not_applicable,
pcp_core_002352,Core,true,false,false,false,not_applicable,
pcp_core_002353,Core,true,false,false,false,not_applicable,
pcp_core_002354,Core,true,false,false,false,not_applicable,
pcp_core_002355,Core,true,false,false,false,not_applicable,
pcp_core_002356,Core,true,false,false,false,not_applicable,
pcp_core_002357,Core,true,false,false,false,not_applicable,
pcp_core_002358,Core,true,false,false,false,not_applicable,
pcp_core_002359,Core,true,false,false,false,not_applicable,
pcp_core_002360,Core,true,false,false,false,not_applicable,
pcp_core_002361,Core,true,false,false,false,not_applicable,
pcp_core_002362,Core,true,false,false,false,not_applicable,
pcp_core_002363,Core,true,false,false,false,not_applicable,
pcp_core_002364,Core,true,false,false,false,not_applicable,
pcp_core_002365,Core,true,false,false,false,not_applicable,
pcp_core_002366,Core,true,false,false,false,not_applicable,
pcp_core_002367,Core,true,false,false,false,not_applicable,
pcp_core_002368,Core,true,false,false,false,not_applicable,
pcp_core_002369,Core,true,false,false,false,not_applicable,
pcp_core_002370,Core,true,false,false,false,not_applicable,
pcp_core_002371,Core,true,false,false,false,not_applicable,
pcp_core_002372,Core,true,false,false,false,not_applicable,
pcp_core_002373,Core,true,false,false,false,not_applicable,
pcp_core_002374,Core,true,false,false,false,not_applicable,
pcp_core_002375,Core,true,false,false,false,not_applicable,
pcp_core_002376,Core,true,false,false,false,not_applicable,
pcp_core_002377,Core,true,false,false,false,not_applicable,
pcp_core_002378,Core,true,false,false,false,not_applicable,
pcp_core_002379,Core,true,false,false,false,not_applicable,
pcp_core_002380,Core,true,false,false,false,not_applicable,
pcp_core_002381,Core,true,false,false,false,not_applicable,
pcp_core_002382,Core,true,false,false,false,not_applicable,
pcp_core_002383,Core,true,false,false,false,not_applicable,
pcp_core_002384,Core,true,false,false,false,not_applicable,
pcp_core_002385,Core,true,false,false,false,not_applicable,
pcp_core_002386,Core,true,false,false,false,not_applicable,
pcp_core_002387,Core,true,false,false,false,not_applicable,
pcp_core_002388,Core,true,false,false,false,not_applicable,
pcp_core_002389,Core,true,false,false,false,not_applicable,
pcp_core_002390,Core,true,false,false,false,not_applicable,
pcp_core_002391,Core,true,false,false,false,not_applicable,
pcp_core_002392,Core,true,false,false,false,not_applicable,
pcp_core_002393,Core,true,false,false,false,not_applicable,
pcp_core_002394,Core,true,false,false,false,not_applicable,
pcp_core_002395,Core,true,false,false,false,not_applicable,
pcp_core_002396,Core,true,false,false,false,not_applicable,
pcp_core_002397,Core,true,false,false,false,not_applicable,
pcp_core_002398,Core,true,false,false,false,not_applicable,
pcp_core_002399,Core,true,false,false,false,not_applicable,
pcp_core_002400,Core,true,false,false,false,not_applicable,
pcp_core_002401,Core,true,false,false,false,not_applicable,
pcp_core_002402,Core,true,false,false,false,not_applicable,
pcp_core_002403,Core,true,false,false,false,not_applicable,
pcp_core_002404,Core,true,false,false,false,not_applicable,
pcp_core_002405,Core,true,false,false,false,not_applicable,
pcp_core_002406,Core,true,false,false,false,not_applicable,
pcp_core_002407,Core,true,false,false,false,not_applicable,
pcp_core_002408,Core,true,false,false,false,not_applicable,
pcp_core_002409,Core,true,false,false,false,not_applicable,
pcp_core_002410,Core,true,false,false,false,not_applicable,
pcp_core_002411,Core,true,false,false,false,not_applicable,
pcp_core_002412,Core,true,false,false,false,not_applicable,
pcp_core_002413,Core,true,false,false,false,not_applicable,
pcp_core_002414,Core,true,false,false,false,not_applicable,
pcp_core_002415,Core,true,false,false,false,not_applicable,
pcp_core_002416,Core,true,false,false,false,not_applicable,
pcp_core_002417,Core,true,false,false,false,not_applicable,
pcp_core_002418,Core,true,false,false,false,not_applicable,
pcp_core_002419,Core,true,false,false,false,not_applicable,
pcp_core_002420,Core,true,false,false,false,not_applicable,
pcp_core_002421,Core,true,false,false,false,not_applicable,
pcp_core_002422,Core,true,false,false,false,not_applicable,
pcp_core_002423,Core,true,false,false,false,not_applicable,
pcp_core_002424,Core,true,false,false,false,not_applicable,
pcp_core_002425,Core,true,false,false,false,not_applicable,
pcp_core_002426,Core,true,false,false,false,not_applicable,
pcp_core_002427,Core,true,false,false,false,not_applicable,
pcp_core_002428,Core,true,false,false,false,not_applicable,
pcp_core_002429,Core,true,false,false,false,not_applicable,
pcp_core_002430,Core,true,false,false,false,not_applicable,
pcp_core_002431,Core,true,false,false,false,not_applicable,
pcp_core_002432,Core,true,false,false,false,not_applicable,
pcp_core_002433,Core,true,false,false,false,not_applicable,
pcp_core_002434,Core,true,false,false,false,not_applicable,
pcp_core_002435,Core,true,false,false,false,not_applicable,
pcp_core_002436,Core,true,false,false,false,not_applicable,
pcp_core_002437,Core,true,false,false,false,not_applicable,
pcp_core_002438,Core,true,false,false,false,not_applicable,
pcp_core_002439,Core,true,false,false,false,not_applicable,
pcp_core_002440,Core,true,false,false,false,not_applicable,
pcp_core_002441,Core,true,false,false,false,not_applicable,
pcp_core_002442,Core,true,false,false,false,not_applicable,
pcp_core_002443,Core,true,false,false,false,not_applicable,
pcp_core_002444,Core,true,false,false,false,not_applicable,
pcp_core_002445,Core,true,false,false,false,not_applicable,
pcp_core_002446,Core,true,false,false,false,not_applicable,
pcp_core_002447,Core,true,false,false,false,not_applicable,
pcp_core_002448,Core,true,false,false,false,not_applicable,
pcp_core_002449,Core,true,false,false,false,not_applicable,
pcp_core_002450,Core,true,false,false,false,not_applicable,
pcp_core_002451,Core,true,false,false,false,not_applicable,
pcp_core_002452,Core,true,false,false,false,not_applicable,
pcp_core_002453,Core,true,false,false,false,not_applicable,
pcp_core_002454,Core,true,false,false,false,not_applicable,
pcp_core_002455,Core,true,false,false,false,not_applicable,
pcp_core_002456,Core,true,false,false,false,not_applicable,
pcp_core_002457,Core,true,false,false,false,not_applicable,
pcp_core_002458,Core,true,false,false,false,not_applicable,
pcp_core_002459,Core,true,false,false,false,not_applicable,
pcp_core_002460,Core,true,false,false,false,not_applicable,
pcp_core_002461,Core,true,false,false,false,not_applicable,
pcp_core_002462,Core,true,false,false,false,not_applicable,
pcp_core_002463,Core,true,false,false,false,not_applicable,
pcp_core_002464,Core,true,false,false,false,not_applicable,
pcp_core_002465,Core,true,false,false,false,not_applicable,
pcp_core_002466,Core,true,false,false,false,not_applicable,
pcp_core_002467,Core,true,false,false,false,not_applicable,
pcp_core_002468,Core,true,false,false,false,not_applicable,
pcp_core_002469,Core,true,false,false,false,not_applicable,
pcp_core_002470,Core,true,false,false,false,not_applicable,
pcp_core_002471,Core,true,false,false,false,not_applicable,
pcp_core_002472,Core,true,false,false,false,not_applicable,
pcp_core_002473,Core,true,false,false,false,not_applicable,
pcp_core_002474,Core,true,false,false,false,not_applicable,
pcp_core_002475,Core,true,false,false,false,not_applicable,
pcp_core_002476,Core,true,false,false,false,not_applicable,
pcp_core_002477,Core,true,false,false,false,not_applicable,
pcp_core_002478,Core,true,false,false,false,not_applicable,
pcp_core_002479,Core,true,false,false,false,not_applicable,
pcp_core_002480,Core,true,false,false,false,not_applicable,
pcp_core_002481,Core,true,false,false,false,not_applicable,
pcp_core_002482,Core,true,false,false,false,not_applicable,
pcp_core_002483,Core,true,false,false,false,not_applicable,
pcp_core_002484,Core,true,false,false,false,not_applicable,
pcp_core_002485,Core,true,false,false,false,not_applicable,
pcp_core_002486,Core,true,false,false,false,not_applicable,
pcp_core_002487,Core,true,false,false,false,not_applicable,
pcp_core_002488,Core,true,false,false,false,not_applicable,
pcp_core_002489,Core,true,false,false,false,not_applicable,
pcp_core_002490,Core,true,false,false,false,not_applicable,
pcp_core_002491,Core,true,false,false,false,not_applicable,
pcp_core_002492,Core,true,false,false,false,not_applicable,
pcp_core_002493,Core,true,false,false,false,not_applicable,
pcp_core_002494,Core,true,false,false,false,not_applicable,
pcp_core_002495,Core,true,false,false,false,not_applicable,
pcp_core_002496,Core,true,false,false,false,not_applicable,
pcp_core_002497,Core,true,false,false,false,not_applicable,
pcp_core_002498,Core,true,false,false,false,not_applicable,
pcp_core_002499,Core,true,false,false,false,not_applicable,
pcp_core_002500,Core,true,false,false,false,not_applicable,
pcp_core_002501,Core,true,false,false,false,not_applicable,
pcp_core_002502,Core,true,false,false,false,not_applicable,
pcp_core_002503,Core,true,false,false,false,not_applicable,
pcp_core_002504,Core,true,false,false,false,not_applicable,
pcp_core_002505,Core,true,false,false,false,not_applicable,
pcp_core_002506,Core,true,false,false,false,not_applicable,
pcp_core_002507,Core,true,false,false,false,not_applicable,
pcp_core_002508,Core,true,false,false,false,not_applicable,
pcp_core_002509,Core,true,false,false,false,not_applicable,
pcp_core_002510,Core,true,false,false,false,not_applicable,
pcp_core_002511,Core,true,false,false,false,not_applicable,
pcp_core_002512,Core,true,false,false,false,not_applicable,
pcp_core_002513,Core,true,false,false,false,not_applicable,
pcp_core_002514,Core,true,false,false,false,not_applicable,
pcp_core_002515,Core,true,false,false,false,not_applicable,
pcp_core_002516,Core,true,false,false,false,not_applicable,
pcp_core_002517,Core,true,false,false,false,not_applicable,
pcp_core_002518,Core,true,false,false,false,not_applicable,
pcp_core_002519,Core,true,false,false,false,not_applicable,
pcp_core_002520,Core,true,false,false,false,not_applicable,
pcp_core_002521,Core,true,false,false,false,not_applicable,
pcp_core_002522,Core,true,false,false,false,not_applicable,
pcp_core_002523,Core,true,false,false,false,not_applicable,
pcp_core_002524,Core,true,false,false,false,not_applicable,
pcp_core_002525,Core,true,false,false,false,not_applicable,
pcp_core_002526,Core,true,false,false,false,not_applicable,
pcp_core_002527,Core,true,false,false,false,not_applicable,
pcp_core_002528,Core,true,false,false,false,not_applicable,
pcp_core_002529,Core,true,false,false,false,not_applicable,
pcp_core_002530,Core,true,false,false,false,not_applicable,
pcp_core_002531,Core,true,false,false,false,not_applicable,
pcp_core_002532,Core,true,false,false,false,not_applicable,
pcp_core_002533,Core,true,false,false,false,not_applicable,
pcp_core_002534,Core,true,false,false,false,not_applicable,
pcp_core_002535,Core,true,false,false,false,not_applicable,
pcp_core_002536,Core,true,false,false,false,not_applicable,
pcp_core_002537,Core,true,false,false,false,not_applicable,
pcp_core_002538,Core,true,false,false,false,not_applicable,
pcp_core_002539,Core,true,false,false,false,not_applicable,
pcp_core_002540,Core,true,false,false,false,not_applicable,
pcp_core_002541,Core,true,false,false,false,not_applicable,
pcp_core_002542,Core,true,false,false,false,not_applicable,
pcp_core_002543,Core,true,false,false,false,not_applicable,
pcp_core_002544,Core,true,false,false,false,not_applicable,
pcp_core_002545,Core,true,false,false,false,not_applicable,
pcp_core_002546,Core,true,false,false,false,not_applicable,
pcp_core_002547,Core,true,false,false,false,not_applicable,
pcp_core_002548,Core,true,false,false,false,not_applicable,
pcp_core_002549,Core,true,false,false,false,not_applicable,
pcp_core_002550,Core,true,false,false,false,not_applicable,
pcp_core_002551,Core,true,false,false,false,not_applicable,
pcp_core_002552,Core,true,false,false,false,not_applicable,
pcp_core_002553,Core,true,false,false,false,not_applicable,
pcp_core_002554,Core,true,false,false,false,not_applicable,
pcp_core_002555,Core,true,false,false,false,not_applicable,
pcp_core_002556,Core,true,false,false,false,not_applicable,
pcp_core_002557,Core,true,false,false,false,not_applicable,
pcp_core_002558,Core,true,false,false,false,not_applicable,
pcp_core_002559,Core,true,false,false,false,not_applicable,
pcp_core_002560,Core,true,false,false,false,not_applicable,
pcp_core_002561,Core,true,false,false,false,not_applicable,
pcp_core_002562,Core,true,false,false,false,not_applicable,
pcp_core_002563,Core,true,false,false,false,not_applicable,
pcp_core_002564,Core,true,false,false,false,not_applicable,
pcp_core_002565,Core,true,false,false,false,not_applicable,
pcp_core_002566,Core,true,false,false,false,not_applicable,
pcp_core_002567,Core,true,false,false,false,not_applicable,
pcp_core_002568,Core,true,false,false,false,not_applicable,
pcp_core_002569,Core,true,false,false,false,not_applicable,
pcp_core_002570,Core,true,false,false,false,not_applicable,
pcp_core_002571,Core,true,false,false,false,not_applicable,
pcp_core_002572,Core,true,false,false,false,not_applicable,
pcp_core_002573,Core,true,false,false,false,not_applicable,
pcp_core_002574,Core,true,false,false,false,not_applicable,
pcp_core_002575,Core,true,false,false,false,not_applicable,
pcp_core_002576,Core,true,false,false,false,not_applicable,
pcp_core_002577,Core,true,false,false,false,not_applicable,
pcp_core_002578,Core,true,false,false,false,not_applicable,
pcp_core_002579,Core,true,false,false,false,not_applicable,
pcp_core_002580,Core,true,false,false,false,not_applicable,
pcp_core_002581,Core,true,false,false,false,not_applicable,
pcp_core_002582,Core,true,false,false,false,not_applicable,
pcp_core_002583,Core,true,false,false,false,not_applicable,
pcp_core_002584,Core,true,false,false,false,not_applicable,
pcp_core_002585,Core,true,false,false,false,not_applicable,
pcp_core_002586,Core,true,false,false,false,not_applicable,
pcp_core_002587,Core,true,false,false,false,not_applicable,
pcp_core_002588,Core,true,false,false,false,not_applicable,
pcp_core_002589,Core,true,false,false,false,not_applicable,
pcp_core_002590,Core,true,false,false,false,not_applicable,
pcp_core_002591,Core,true,false,false,false,not_applicable,
pcp_core_002592,Core,true,false,false,false,not_applicable,
pcp_core_002593,Core,true,false,false,false,not_applicable,
pcp_core_002594,Core,true,false,false,false,not_applicable,
pcp_core_002595,Core,true,false,false,false,not_applicable,
pcp_core_002596,Core,true,false,false,false,not_applicable,
pcp_core_002597,Core,true,false,false,false,not_applicable,
pcp_core_002598,Core,true,false,false,false,not_applicable,
pcp_core_002599,Core,true,false,false,false,not_applicable,
pcp_core_002600,Core,true,false,false,false,not_applicable,
pcp_core_002601,Core,true,false,false,false,not_applicable,
pcp_core_002602,Core,true,false,false,false,not_applicable,
pcp_core_002603,Core,true,false,false,false,not_applicable,
pcp_core_002604,Core,true,false,false,false,not_applicable,
pcp_core_002605,Core,true,false,false,false,not_applicable,
pcp_core_002606,Core,true,false,false,false,not_applicable,
pcp_core_002607,Core,true,false,false,false,not_applicable,
pcp_core_002608,Core,true,false,false,false,not_applicable,
pcp_core_002609,Core,true,false,false,false,not_applicable,
pcp_core_002610,Core,true,false,false,false,not_applicable,
pcp_core_002611,Core,true,false,false,false,not_applicable,
pcp_core_002612,Core,true,false,false,false,not_applicable,
pcp_core_002613,Core,true,false,false,false,not_applicable,
pcp_core_002614,Core,true,false,false,false,not_applicable,
pcp_core_002615,Core,true,false,false,false,not_applicable,
pcp_core_002616,Core,true,false,false,false,not_applicable,
pcp_core_002617,Core,true,false,false,false,not_applicable,
pcp_core_002618,Core,true,false,false,false,not_applicable,
pcp_core_002619,Core,true,false,false,false,not_applicable,
pcp_core_002620,Core,true,false,false,false,not_applicable,
pcp_core_002621,Core,true,false,false,false,not_applicable,
pcp_core_002622,Core,true,false,false,false,not_applicable,
pcp_core_002623,Core,true,false,false,false,not_applicable,
pcp_core_002624,Core,true,false,false,false,not_applicable,
pcp_core_002625,Core,true,false,false,false,not_applicable,
pcp_core_002626,Core,true,false,false,false,not_applicable,
pcp_core_002627,Core,true,false,false,false,not_applicable,
pcp_core_002628,Core,true,false,false,false,not_applicable,
pcp_core_002629,Core,true,false,false,false,not_applicable,
pcp_core_002630,Core,true,false,false,false,not_applicable,
pcp_core_002631,Core,true,false,false,false,not_applicable,
pcp_core_002632,Core,true,false,false,false,not_applicable,
pcp_core_002633,Core,true,false,false,false,not_applicable,
pcp_core_002634,Core,true,false,false,false,not_applicable,
pcp_core_002635,Core,true,false,false,false,not_applicable,
pcp_core_002636,Core,true,false,false,false,not_applicable,
pcp_core_002637,Core,true,false,false,false,not_applicable,
pcp_core_002638,Core,true,false,false,false,not_applicable,
pcp_core_002639,Core,true,false,false,false,not_applicable,
pcp_core_002640,Core,true,false,false,false,not_applicable,
pcp_core_002641,Core,true,false,false,false,not_applicable,
pcp_core_002642,Core,true,false,false,false,not_applicable,
pcp_core_002643,Core,true,false,false,false,not_applicable,
pcp_core_002644,Core,true,false,false,false,not_applicable,
pcp_core_002645,Core,true,false,false,false,not_applicable,
pcp_core_002646,Core,true,false,false,false,not_applicable,
pcp_core_002647,Core,true,false,false,false,not_applicable,
pcp_core_002648,Core,true,false,false,false,not_applicable,
pcp_core_002649,Core,true,false,false,false,not_applicable,
pcp_core_002650,Core,true,false,false,false,not_applicable,
pcp_core_002651,Core,true,false,false,false,not_applicable,
pcp_core_002652,Core,true,false,false,false,not_applicable,
pcp_core_002653,Core,true,false,false,false,not_applicable,
pcp_core_002654,Core,true,false,false,false,not_applicable,
pcp_core_002655,Core,true,false,false,false,not_applicable,
pcp_core_002656,Core,true,false,false,false,not_applicable,
pcp_core_002657,Core,true,false,false,false,not_applicable,
pcp_core_002658,Core,true,false,false,false,not_applicable,
pcp_core_002659,Core,true,false,false,false,not_applicable,
pcp_core_002660,Core,true,false,false,false,not_applicable,
pcp_core_002661,Core,true,false,false,false,not_applicable,
pcp_core_002662,Core,true,false,false,false,not_applicable,
pcp_core_002663,Core,true,false,false,false,not_applicable,
pcp_core_002664,Core,true,false,false,false,not_applicable,
pcp_core_002665,Core,true,false,false,false,not_applicable,
pcp_core_002666,Core,true,false,false,false,not_applicable,
pcp_core_002667,Core,true,false,false,false,not_applicable,
pcp_core_002668,Core,true,false,false,false,not_applicable,
pcp_core_002669,Core,true,false,false,false,not_applicable,
pcp_core_002670,Core,true,false,false,false,not_applicable,
pcp_core_002671,Core,true,false,false,false,not_applicable,
pcp_core_002672,Core,true,false,false,false,not_applicable,
pcp_core_002673,Core,true,false,false,false,not_applicable,
pcp_core_002674,Core,true,false,false,false,not_applicable,
pcp_core_002675,Core,true,false,false,false,not_applicable,
pcp_core_002676,Core,true,false,false,false,not_applicable,
pcp_core_002677,Core,true,false,false,false,not_applicable,
pcp_core_002678,Core,true,false,false,false,not_applicable,
pcp_core_002679,Core,true,false,false,false,not_applicable,
pcp_core_002680,Core,true,false,false,false,not_applicable,
pcp_core_002681,Core,true,false,false,false,not_applicable,
pcp_core_002682,Core,true,false,false,false,not_applicable,
pcp_core_002683,Core,true,false,false,false,not_applicable,
pcp_core_002684,Core,true,false,false,false,not_applicable,
pcp_core_002685,Core,true,false,false,false,not_applicable,
pcp_core_002686,Core,true,false,false,false,not_applicable,
pcp_core_002687,Core,true,false,false,false,not_applicable,
pcp_core_002688,Core,true,false,false,false,not_applicable,
pcp_core_002689,Core,true,false,false,false,not_applicable,
pcp_core_002690,Core,true,false,false,false,not_applicable,
pcp_core_002691,Core,true,false,false,false,not_applicable,
pcp_core_002692,Core,true,false,false,false,not_applicable,
pcp_core_002693,Core,true,false,false,false,not_applicable,
pcp_core_002694,Core,true,false,false,false,not_applicable,
pcp_core_002695,Core,true,false,false,false,not_applicable,
pcp_core_002696,Core,true,false,false,false,not_applicable,
pcp_core_002697,Core,true,false,false,false,not_applicable,
pcp_core_002698,Core,true,false,false,false,not_applicable,
pcp_core_002699,Core,true,false,false,false,not_applicable,
pcp_core_002700,Core,true,false,false,false,not_applicable,
pcp_core_002701,Core,true,false,false,false,not_applicable,
pcp_core_002702,Core,true,false,false,false,not_applicable,
pcp_core_002703,Core,true,false,false,false,not_applicable,
pcp_core_002704,Core,true,false,false,false,not_applicable,
pcp_core_002705,Core,true,false,false,false,not_applicable,
pcp_core_002706,Core,true,false,false,false,not_applicable,
pcp_core_002707,Core,true,false,false,false,not_applicable,
pcp_core_002708,Core,true,false,false,false,not_applicable,
pcp_core_002709,Core,true,false,false,false,not_applicable,
pcp_core_002710,Core,true,false,false,false,not_applicable,
pcp_core_002711,Core,true,false,false,false,not_applicable,
pcp_core_002712,Core,true,false,false,false,not_applicable,
pcp_core_002713,Core,true,false,false,false,not_applicable,
pcp_core_002714,Core,true,false,false,false,not_applicable,
pcp_core_002715,Core,true,false,false,false,not_applicable,
pcp_core_002716,Core,true,false,false,false,not_applicable,
pcp_core_002717,Core,true,false,false,false,not_applicable,
pcp_core_002718,Core,true,false,false,false,not_applicable,
pcp_core_002719,Core,true,false,false,false,not_applicable,
pcp_core_002720,Core,true,false,false,false,not_applicable,
pcp_core_002721,Core,true,false,false,false,not_applicable,
pcp_core_002722,Core,true,false,false,false,not_applicable,
pcp_core_002723,Core,true,false,false,false,not_applicable,
pcp_core_002724,Core,true,false,false,false,not_applicable,
pcp_core_002725,Core,true,false,false,false,not_applicable,
pcp_core_002726,Core,true,false,false,false,not_applicable,
pcp_core_002727,Core,true,false,false,false,not_applicable,
pcp_core_002728,Core,true,false,false,false,not_applicable,
pcp_core_002729,Core,true,false,false,false,not_applicable,
pcp_core_002730,Core,true,false,false,false,not_applicable,
pcp_core_002731,Core,true,false,false,false,not_applicable,
pcp_core_002732,Core,true,false,false,false,not_applicable,
pcp_core_002733,Core,true,false,false,false,not_applicable,
pcp_core_002734,Core,true,false,false,false,not_applicable,
pcp_core_002735,Core,true,false,false,false,not_applicable,
pcp_core_002736,Core,true,false,false,false,not_applicable,
pcp_core_002737,Core,true,false,false,false,not_applicable,
pcp_core_002738,Core,true,false,false,false,not_applicable,
pcp_core_002739,Core,true,false,false,false,not_applicable,
pcp_core_002740,Core,true,false,false,false,not_applicable,
pcp_core_002741,Core,true,false,false,false,not_applicable,
pcp_core_002742,Core,true,false,false,false,not_applicable,
pcp_core_002743,Core,true,false,false,false,not_applicable,
pcp_core_002744,Core,true,false,false,false,not_applicable,
pcp_core_002745,Core,true,false,false,false,not_applicable,
pcp_core_002746,Core,true,false,false,false,not_applicable,
pcp_core_002747,Core,true,false,false,false,not_applicable,
pcp_core_002748,Core,true,false,false,false,not_applicable,
pcp_core_002749,Core,true,false,false,false,not_applicable,
pcp_core_002750,Core,true,false,false,false,not_applicable,
pcp_core_002751,Core,true,false,false,false,not_applicable,
pcp_core_002752,Core,true,false,false,false,not_applicable,
pcp_core_002753,Core,true,false,false,false,not_applicable,
pcp_core_002754,Core,true,false,false,false,not_applicable,
pcp_core_002755,Core,true,false,false,false,not_applicable,
pcp_core_002756,Core,true,false,false,false,not_applicable,
pcp_core_002757,Core,true,false,false,false,not_applicable,
pcp_core_002758,Core,true,false,false,false,not_applicable,
pcp_core_002759,Core,true,false,false,false,not_applicable,
pcp_core_002760,Core,true,false,false,false,not_applicable,
pcp_core_002761,Core,true,false,false,false,not_applicable,
pcp_core_002762,Core,true,false,false,false,not_applicable,
pcp_core_002763,Core,true,false,false,false,not_applicable,
pcp_core_002764,Core,true,false,false,false,not_applicable,
pcp_core_002765,Core,true,false,false,false,not_applicable,
pcp_core_002766,Core,true,false,false,false,not_applicable,
pcp_core_002767,Core,true,false,false,false,not_applicable,
pcp_core_002768,Core,true,false,false,false,not_applicable,
pcp_core_002769,Core,true,false,false,false,not_applicable,
pcp_core_002770,Core,true,false,false,false,not_applicable,
pcp_core_002771,Core,true,false,false,false,not_applicable,
pcp_core_002772,Core,true,false,false,false,not_applicable,
pcp_core_002773,Core,true,false,false,false,not_applicable,
pcp_core_002774,Core,true,false,false,false,not_applicable,
pcp_core_002775,Core,true,false,false,false,not_applicable,
pcp_core_002776,Core,true,false,false,false,not_applicable,
pcp_core_002777,Core,true,false,false,false,not_applicable,
pcp_core_002778,Core,true,false,false,false,not_applicable,
pcp_core_002779,Core,true,false,false,false,not_applicable,
pcp_core_002780,Core,true,false,false,false,not_applicable,
pcp_core_002781,Core,true,false,false,false,not_applicable,
pcp_core_002782,Core,true,false,false,false,not_applicable,
pcp_core_002783,Core,true,false,false,false,not_applicable,
pcp_core_002784,Core,true,false,false,false,not_applicable,
pcp_core_002785,Core,true,false,false,false,not_applicable,
pcp_core_002786,Core,true,false,false,false,not_applicable,
pcp_core_002787,Core,true,false,false,false,not_applicable,
pcp_core_002788,Core,true,false,false,false,not_applicable,
pcp_core_002789,Core,true,false,false,false,not_applicable,
pcp_core_002790,Core,true,false,false,false,not_applicable,
pcp_core_002791,Core,true,false,false,false,not_applicable,
pcp_core_002792,Core,true,false,false,false,not_applicable,
pcp_core_002793,Core,true,false,false,false,not_applicable,
pcp_core_002794,Core,true,false,false,false,not_applicable,
pcp_core_002795,Core,true,false,false,false,not_applicable,
pcp_core_002796,Core,true,false,false,false,not_applicable,
pcp_core_002797,Core,true,false,false,false,not_applicable,
pcp_core_002798,Core,true,false,false,false,not_applicable,
pcp_core_002799,Core,true,false,false,false,not_applicable,
pcp_core_002800,Core,true,false,false,false,not_applicable,
pcp_core_002801,Core,true,false,false,false,not_applicable,
pcp_core_002802,Core,true,false,false,false,not_applicable,
pcp_core_002803,Core,true,false,false,false,not_applicable,
pcp_core_002804,Core,true,false,false,false,not_applicable,
pcp_core_002805,Core,true,false,false,false,not_applicable,
pcp_core_002806,Core,true,false,false,false,not_applicable,
pcp_core_002807,Core,true,false,false,false,not_applicable,
pcp_core_002808,Core,true,false,false,false,not_applicable,
pcp_core_002809,Core,true,false,false,false,not_applicable,
pcp_core_002810,Core,true,false,false,false,not_applicable,
pcp_core_002811,Core,true,false,false,false,not_applicable,
pcp_core_002812,Core,true,false,false,false,not_applicable,
pcp_core_002813,Core,true,false,false,false,not_applicable,
pcp_core_002814,Core,true,false,false,false,not_applicable,
pcp_core_002815,Core,true,false,false,false,not_applicable,
pcp_core_002816,Core,true,false,false,false,not_applicable,
pcp_core_002817,Core,true,false,false,false,not_applicable,
pcp_core_002818,Core,true,false,false,false,not_applicable,
pcp_core_002819,Core,true,false,false,false,not_applicable,
pcp_core_002820,Core,true,false,false,false,not_applicable,
pcp_core_002821,Core,true,false,false,false,not_applicable,
pcp_core_002822,Core,true,false,false,false,not_applicable,
pcp_core_002823,Core,true,false,false,false,not_applicable,
pcp_core_002824,Core,true,false,false,false,not_applicable,
pcp_core_002825,Core,true,false,false,false,not_applicable,
pcp_core_002826,Core,true,false,false,false,not_applicable,
pcp_core_002827,Core,true,false,false,false,not_applicable,
pcp_core_002828,Core,true,false,false,false,not_applicable,
pcp_core_002829,Core,true,false,false,false,not_applicable,
pcp_core_002830,Core,true,false,false,false,not_applicable,
pcp_core_002831,Core,true,false,false,false,not_applicable,
pcp_core_002832,Core,true,false,false,false,not_applicable,
pcp_core_002833,Core,true,false,false,false,not_applicable,
pcp_core_002834,Core,true,false,false,false,not_applicable,
pcp_core_002835,Core,true,false,false,false,not_applicable,
pcp_core_002836,Core,true,false,false,false,not_applicable,
pcp_core_002837,Core,true,false,false,false,not_applicable,
pcp_core_002838,Core,true,false,false,false,not_applicable,
pcp_core_002839,Core,true,false,false,false,not_applicable,
pcp_core_002840,Core,true,false,false,false,not_applicable,
pcp_core_002841,Core,true,false,false,false,not_applicable,
pcp_core_002842,Core,true,false,false,false,not_applicable,
pcp_core_002843,Core,true,false,false,false,not_applicable,
pcp_core_002844,Core,true,false,false,false,not_applicable,
pcp_core_002845,Core,true,false,false,false,not_applicable,
pcp_core_002846,Core,true,false,false,false,not_applicable,
pcp_core_002847,Core,true,false,false,false,not_applicable,
pcp_core_002848,Core,true,false,false,false,not_applicable,
pcp_core_002849,Core,true,false,false,false,not_applicable,
pcp_core_002850,Core,true,false,false,false,not_applicable,
pcp_core_002851,Core,true,false,false,false,not_applicable,
pcp_core_002852,Core,true,false,false,false,not_applicable,
pcp_core_002853,Core,true,false,false,false,not_applicable,
pcp_core_002854,Core,true,false,false,false,not_applicable,
pcp_core_002855,Core,true,false,false,false,not_applicable,
pcp_core_002856,Core,true,false,false,false,not_applicable,
pcp_core_002857,Core,true,false,false,false,not_applicable,
pcp_core_002858,Core,true,false,false,false,not_applicable,
pcp_core_002859,Core,true,false,false,false,not_applicable,
pcp_core_002860,Core,true,false,false,false,not_applicable,
pcp_core_002861,Core,true,false,false,false,not_applicable,
pcp_core_002862,Core,true,false,false,false,not_applicable,
pcp_core_002863,Core,true,false,false,false,not_applicable,
pcp_core_002864,Core,true,false,false,false,not_applicable,
pcp_core_002865,Core,true,false,false,false,not_applicable,
pcp_core_002866,Core,true,false,false,false,not_applicable,
pcp_core_002867,Core,true,false,false,false,not_applicable,
pcp_core_002868,Core,true,false,false,false,not_applicable,
pcp_core_002869,Core,true,false,false,false,not_applicable,
pcp_core_002870,Core,true,false,false,false,not_applicable,
pcp_core_002871,Core,true,false,false,false,not_applicable,
pcp_core_002872,Core,true,false,false,false,not_applicable,
pcp_core_002873,Core,true,false,false,false,not_applicable,
pcp_core_002874,Core,true,false,false,false,not_applicable,
pcp_core_002875,Core,true,false,false,false,not_applicable,
pcp_core_002876,Core,true,false,false,false,not_applicable,
pcp_core_002877,Core,true,false,false,false,not_applicable,
pcp_core_002878,Core,true,false,false,false,not_applicable,
pcp_core_002879,Core,true,false,false,false,not_applicable,
pcp_core_002880,Core,true,false,false,false,not_applicable,
pcp_core_002881,Core,true,false,false,false,not_applicable,
pcp_core_002882,Core,true,false,false,false,not_applicable,
pcp_core_002883,Core,true,false,false,false,not_applicable,
pcp_core_002884,Core,true,false,false,false,not_applicable,
pcp_core_002885,Core,true,false,false,false,not_applicable,
pcp_core_002886,Core,true,false,false,false,not_applicable,
pcp_core_002887,Core,true,false,false,false,not_applicable,
pcp_core_002888,Core,true,false,false,false,not_applicable,
pcp_core_002889,Core,true,false,false,false,not_applicable,
pcp_core_002890,Core,true,false,false,false,not_applicable,
pcp_core_002891,Core,true,false,false,false,not_applicable,
pcp_core_002892,Core,true,false,false,false,not_applicable,
pcp_core_002893,Core,true,false,false,false,not_applicable,
pcp_core_002894,Core,true,false,false,false,not_applicable,
pcp_core_002895,Core,true,false,false,false,not_applicable,
pcp_core_002896,Core,true,false,false,false,not_applicable,
pcp_core_002897,Core,true,false,false,false,not_applicable,
pcp_core_002898,Core,true,false,false,false,not_applicable,
pcp_core_002899,Core,true,false,false,false,not_applicable,
pcp_core_002900,Core,true,false,false,false,not_applicable,
pcp_core_002901,Core,true,false,false,false,not_applicable,
pcp_core_002902,Core,true,false,false,false,not_applicable,
pcp_core_002903,Core,true,false,false,false,not_applicable,
pcp_core_002904,Core,true,false,false,false,not_applicable,
pcp_core_002905,Core,true,false,false,false,not_applicable,
pcp_core_002906,Core,true,false,false,false,not_applicable,
pcp_core_002907,Core,true,false,false,false,not_applicable,
pcp_core_002908,Core,true,false,false,false,not_applicable,
pcp_core_002909,Core,true,false,false,false,not_applicable,
pcp_core_002910,Core,true,false,false,false,not_applicable,
pcp_core_002911,Core,true,false,false,false,not_applicable,
pcp_core_002912,Core,true,false,false,false,not_applicable,
pcp_core_002913,Core,true,false,false,false,not_applicable,
pcp_core_002914,Core,true,false,false,false,not_applicable,
pcp_core_002915,Core,true,false,false,false,not_applicable,
pcp_core_002916,Core,true,false,false,false,not_applicable,
pcp_core_002917,Core,true,false,false,false,not_applicable,
pcp_core_002918,Core,true,false,false,false,not_applicable,
pcp_core_002919,Core,true,false,false,false,not_applicable,
pcp_core_002920,Core,true,false,false,false,not_applicable,
pcp_core_002921,Core,true,false,false,false,not_applicable,
pcp_core_002922,Core,true,false,false,false,not_applicable,
pcp_core_002923,Core,true,false,false,false,not_applicable,
pcp_core_002924,Core,true,false,false,false,not_applicable,
pcp_core_002925,Core,true,false,false,false,not_applicable,
pcp_core_002926,Core,true,false,false,false,not_applicable,
pcp_core_002927,Core,true,false,false,false,not_applicable,
pcp_core_002928,Core,true,false,false,false,not_applicable,
pcp_core_002929,Core,true,false,false,false,not_applicable,
pcp_core_002930,Core,true,false,false,false,not_applicable,
pcp_core_002931,Core,true,false,false,false,not_applicable,
pcp_core_002932,Core,true,false,false,false,not_applicable,
pcp_core_002933,Core,true,false,false,false,not_applicable,
pcp_core_002934,Core,true,false,false,false,not_applicable,
pcp_core_002935,Core,true,false,false,false,not_applicable,
pcp_core_002936,Core,true,false,false,false,not_applicable,
pcp_core_002937,Core,true,false,false,false,not_applicable,
pcp_core_002938,Core,true,false,false,false,not_applicable,
pcp_core_002939,Core,true,false,false,false,not_applicable,
pcp_core_002940,Core,true,false,false,false,not_applicable,
pcp_core_002941,Core,true,false,false,false,not_applicable,
pcp_core_002942,Core,true,false,false,false,not_applicable,
pcp_core_002943,Core,true,false,false,false,not_applicable,
pcp_core_002944,Core,true,false,false,false,not_applicable,
pcp_core_002945,Core,true,false,false,false,not_applicable,
pcp_core_002946,Core,true,false,false,false,not_applicable,
pcp_core_002947,Core,true,false,false,false,not_applicable,
pcp_core_002948,Core,true,false,false,false,not_applicable,
pcp_core_002949,Core,true,false,false,false,not_applicable,
pcp_core_002950,Core,true,false,false,false,not_applicable,
pcp_core_002951,Core,true,false,false,false,not_applicable,
pcp_core_002952,Core,true,false,false,false,not_applicable,
pcp_core_002953,Core,true,false,false,false,not_applicable,
pcp_core_002954,Core,true,false,false,false,not_applicable,
pcp_core_002955,Core,true,false,false,false,not_applicable,
pcp_core_002956,Core,true,false,false,false,not_applicable,
pcp_core_002957,Core,true,false,false,false,not_applicable,
pcp_core_002958,Core,true,false,false,false,not_applicable,
pcp_core_002959,Core,true,false,false,false,not_applicable,
pcp_core_002960,Core,true,false,false,false,not_applicable,
pcp_core_002961,Core,true,false,false,false,not_applicable,
pcp_core_002962,Core,true,false,false,false,not_applicable,
pcp_core_002963,Core,true,false,false,false,not_applicable,
pcp_core_002964,Core,true,false,false,false,not_applicable,
pcp_core_002965,Core,true,false,false,false,not_applicable,
pcp_core_002966,Core,true,false,false,false,not_applicable,
pcp_core_002967,Core,true,false,false,false,not_applicable,
pcp_core_002968,Core,true,false,false,false,not_applicable,
pcp_core_002969,Core,true,false,false,false,not_applicable,
pcp_core_002970,Core,true,false,false,false,not_applicable,
pcp_core_002971,Core,true,false,false,false,not_applicable,
pcp_core_002972,Core,true,false,false,false,not_applicable,
pcp_core_002973,Core,true,false,false,false,not_applicable,
pcp_core_002974,Core,true,false,false,false,not_applicable,
pcp_core_002975,Core,true,false,false,false,not_applicable,
pcp_core_002976,Core,true,false,false,false,not_applicable,
pcp_core_002977,Core,true,false,false,false,not_applicable,
pcp_core_002978,Core,true,false,false,false,not_applicable,
pcp_core_002979,Core,true,false,false,false,not_applicable,
pcp_core_002980,Core,true,false,false,false,not_applicable,
pcp_core_002981,Core,true,false,false,false,not_applicable,
pcp_core_002982,Core,true,false,false,false,not_applicable,
pcp_core_002983,Core,true,false,false,false,not_applicable,
pcp_core_002984,Core,true,false,false,false,not_applicable,
pcp_core_002985,Core,true,false,false,false,not_applicable,
pcp_core_002986,Core,true,false,false,false,not_applicable,
pcp_core_002987,Core,true,false,false,false,not_applicable,
pcp_core_002988,Core,true,false,false,false,not_applicable,
pcp_core_002989,Core,true,false,false,false,not_applicable,
pcp_core_002990,Core,true,false,false,false,not_applicable,
pcp_core_002991,Core,true,false,false,false,not_applicable,
pcp_core_002992,Core,true,false,false,false,not_applicable,
pcp_core_002993,Core,true,false,false,false,not_applicable,
pcp_core_002994,Core,true,false,false,false,not_applicable,
pcp_core_002995,Core,true,false,false,false,not_applicable,
pcp_core_002996,Core,true,false,false,false,not_applicable,
pcp_core_002997,Core,true,false,false,false,not_applicable,
pcp_core_002998,Core,true,false,false,false,not_applicable,
pcp_core_002999,Core,true,false,false,false,not_applicable,
pcp_core_003000,Core,true,false,false,false,not_applicable,
pcp_hard_000001,Hard,true,false,false,false,not_applicable,
pcp_hard_000002,Hard,true,false,false,false,not_applicable,
pcp_hard_000003,Hard,true,false,false,false,not_applicable,
pcp_hard_000004,Hard,true,false,false,false,not_applicable,
pcp_hard_000005,Hard,true,false,false,false,not_applicable,
pcp_hard_000006,Hard,true,false,false,false,not_applicable,
pcp_hard_000007,Hard,true,false,false,false,not_applicable,
pcp_hard_000008,Hard,true,false,false,false,accepted,
pcp_hard_000010,Hard,true,false,false,false,not_applicable,
pcp_hard_000011,Hard,true,false,false,false,not_applicable,
pcp_hard_000012,Hard,true,false,false,false,not_applicable,
pcp_hard_000013,Hard,true,false,false,false,not_applicable,
pcp_hard_000014,Hard,true,false,false,false,not_applicable,
pcp_hard_000015,Hard,true,false,false,false,not_applicable,
pcp_hard_000016,Hard,true,false,false,false,not_applicable,
pcp_hard_000017,Hard,true,false,false,false,not_applicable,
pcp_hard_000018,Hard,true,false,false,false,not_applicable,
pcp_hard_000019,Hard,true,false,false,false,not_applicable,
pcp_hard_000020,Hard,true,false,false,false,not_applicable,
pcp_hard_000021,Hard,true,false,false,false,not_applicable,
pcp_hard_000022,Hard,true,false,false,false,not_applicable,
pcp_hard_000023,Hard,true,false,false,false,not_applicable,
pcp_hard_000024,Hard,true,false,false,false,not_applicable,
pcp_hard_000025,Hard,true,false,false,false,not_applicable,
pcp_hard_000026,Hard,true,false,false,false,not_applicable,
pcp_hard_000027,Hard,true,false,false,false,not_applicable,
pcp_hard_000028,Hard,true,false,false,false,not_applicable,
pcp_hard_000029,Hard,true,false,false,false,not_applicable,
pcp_hard_000030,Hard,true,false,false,false,not_applicable,
pcp_hard_000031,Hard,true,false,false,false,not_applicable,
pcp_hard_000032,Hard,true,false,false,false,not_applicable,
pcp_hard_000033,Hard,true,false,false,false,not_applicable,
pcp_hard_000034,Hard,true,false,false,false,not_applicable,
pcp_hard_000035,Hard,true,false,false,false,not_applicable,
pcp_hard_000036,Hard,true,false,false,false,not_applicable,
pcp_hard_000037,Hard,true,false,false,false,not_applicable,
pcp_hard_000038,Hard,true,false,false,false,not_applicable,
pcp_hard_000039,Hard,true,false,false,false,not_applicable,
pcp_hard_000040,Hard,true,false,false,false,not_applicable,
pcp_hard_000041,Hard,true,false,false,false,not_applicable,
pcp_hard_000042,Hard,true,false,false,false,not_applicable,
pcp_hard_000043,Hard,true,false,false,false,not_applicable,
pcp_hard_000044,Hard,true,false,false,false,not_applicable,
pcp_hard_000045,Hard,true,false,false,false,not_applicable,
pcp_hard_000046,Hard,true,false,false,false,not_applicable,
pcp_hard_000047,Hard,true,false,false,false,not_applicable,
pcp_hard_000048,Hard,true,false,false,false,not_applicable,
pcp_hard_000049,Hard,true,false,false,false,not_applicable,
pcp_hard_000050,Hard,true,false,false,false,not_applicable,
pcp_hard_000051,Hard,true,false,false,false,not_applicable,
pcp_hard_000052,Hard,true,false,false,false,not_applicable,
pcp_hard_000053,Hard,true,false,false,false,not_applicable,
pcp_hard_000054,Hard,true,false,false,false,not_applicable,
pcp_hard_000055,Hard,true,false,false,false,not_applicable,
pcp_hard_000056,Hard,true,false,false,false,not_applicable,
pcp_hard_000057,Hard,true,false,false,false,not_applicable,
pcp_hard_000058,Hard,true,false,false,false,not_applicable,
pcp_hard_000059,Hard,true,false,false,false,not_applicable,
pcp_hard_000060,Hard,true,false,false,false,not_applicable,
pcp_hard_000061,Hard,true,false,false,false,not_applicable,
pcp_hard_000062,Hard,true,false,false,false,not_applicable,
pcp_hard_000063,Hard,true,false,false,false,not_applicable,
pcp_hard_000064,Hard,true,false,false,false,not_applicable,
pcp_hard_000065,Hard,true,false,false,false,not_applicable,
pcp_hard_000066,Hard,true,false,false,false,accepted,
pcp_hard_000067,Hard,true,false,false,false,not_applicable,
pcp_hard_000069,Hard,true,false,false,false,not_applicable,
pcp_hard_000070,Hard,true,false,false,false,not_applicable,
pcp_hard_000071,Hard,true,false,false,false,not_applicable,
pcp_hard_000072,Hard,true,false,false,false,not_applicable,
pcp_hard_000073,Hard,true,false,false,false,not_applicable,
pcp_hard_000074,Hard,true,false,false,false,not_applicable,
pcp_hard_000075,Hard,true,false,false,false,not_applicable,
pcp_hard_000076,Hard,true,false,false,false,not_applicable,
pcp_hard_000078,Hard,true,false,false,false,not_applicable,
pcp_hard_000081,Hard,true,false,false,false,not_applicable,
pcp_hard_000082,Hard,true,false,false,false,not_applicable,
pcp_hard_000083,Hard,true,false,false,false,not_applicable,
pcp_hard_000084,Hard,true,false,false,false,not_applicable,
pcp_hard_000085,Hard,true,false,false,false,not_applicable,
pcp_hard_000086,Hard,true,false,false,false,accepted,
pcp_hard_000087,Hard,true,false,false,false,not_applicable,
pcp_hard_000089,Hard,true,false,false,false,not_applicable,
pcp_hard_000090,Hard,true,false,false,false,not_applicable,
pcp_hard_000091,Hard,true,false,false,false,not_applicable,
pcp_hard_000092,Hard,true,false,false,false,not_applicable,
pcp_hard_000093,Hard,true,false,false,false,not_applicable,
pcp_hard_000094,Hard,true,false,false,false,not_applicable,
pcp_hard_000095,Hard,true,false,false,false,not_applicable,
pcp_hard_000096,Hard,true,false,false,false,not_applicable,
pcp_hard_000097,Hard,true,false,false,false,not_applicable,
pcp_hard_000099,Hard,true,false,false,false,not_applicable,
pcp_hard_000100,Hard,true,false,false,false,not_applicable,
pcp_hard_000101,Hard,true,false,false,false,not_applicable,
pcp_hard_000102,Hard,true,false,false,false,not_applicable,
pcp_hard_000103,Hard,true,false,false,false,not_applicable,
pcp_hard_000104,Hard,true,false,false,false,not_applicable,
pcp_hard_000105,Hard,true,false,false,false,not_applicable,
pcp_hard_000106,Hard,true,false,false,false,not_applicable,
pcp_hard_000107,Hard,true,false,false,false,not_applicable,
pcp_hard_000108,Hard,true,false,false,false,not_applicable,
pcp_hard_000109,Hard,true,false,false,false,not_applicable,
pcp_hard_000110,Hard,true,false,false,false,not_applicable,
pcp_hard_000111,Hard,true,false,false,false,not_applicable,
pcp_hard_000112,Hard,true,false,false,false,not_applicable,
pcp_hard_000113,Hard,true,false,false,false,not_applicable,
pcp_hard_000114,Hard,true,false,false,false,not_applicable,
pcp_hard_000115,Hard,true,false,false,false,not_applicable,
pcp_hard_000116,Hard,true,false,false,false,not_applicable,
pcp_hard_000117,Hard,true,false,false,false,not_applicable,
pcp_hard_000118,Hard,true,false,false,false,not_applicable,
pcp_hard_000119,Hard,true,false,false,false,not_applicable,
pcp_hard_000120,Hard,true,false,false,false,not_applicable,
pcp_hard_000121,Hard,true,false,false,false,not_applicable,
pcp_hard_000122,Hard,true,false,false,false,not_applicable,
pcp_hard_000123,Hard,true,false,false,false,not_applicable,
pcp_hard_000124,Hard,true,false,false,false,not_applicable,
pcp_hard_000125,Hard,true,false,false,false,not_applicable,
pcp_hard_000126,Hard,true,false,false,false,not_applicable,
pcp_hard_000127,Hard,true,false,false,false,not_applicable,
pcp_hard_000128,Hard,true,false,false,false,not_applicable,
pcp_hard_000129,Hard,true,false,false,false,not_applicable,
pcp_hard_000130,Hard,true,false,false,false,not_applicable,
pcp_hard_000131,Hard,true,false,false,false,not_applicable,
pcp_hard_000132,Hard,true,false,false,false,not_applicable,
pcp_hard_000133,Hard,true,false,false,false,not_applicable,
pcp_hard_000134,Hard,true,false,false,false,not_applicable,
pcp_hard_000135,Hard,true,false,false,false,not_applicable,
pcp_hard_000136,Hard,true,false,false,false,not_applicable,
pcp_hard_000137,Hard,true,false,false,false,not_applicable,
pcp_hard_000138,Hard,true,false,false,false,not_applicable,
pcp_hard_000139,Hard,true,false,false,false,not_applicable,
pcp_hard_000140,Hard,true,false,false,false,not_applicable,
pcp_hard_000141,Hard,true,false,false,false,not_applicable,
pcp_hard_000142,Hard,true,false,false,false,not_applicable,
pcp_hard_000143,Hard,true,false,false,false,not_applicable,
pcp_hard_000144,Hard,true,false,false,false,not_applicable,
pcp_hard_000145,Hard,true,false,false,false,not_applicable,
pcp_hard_000146,Hard,true,false,false,false,not_applicable,
pcp_hard_000147,Hard,true,false,false,false,not_applicable,
pcp_hard_000148,Hard,true,false,false,false,not_applicable,
pcp_hard_000149,Hard,true,false,false,false,not_applicable,
pcp_hard_000150,Hard,true,false,false,false,not_applicable,
pcp_hard_000151,Hard,true,false,false,false,not_applicable,
pcp_hard_000152,Hard,true,false,false,false,not_applicable,
pcp_hard_000153,Hard,true,false,false,false,not_applicable,
pcp_hard_000154,Hard,true,false,false,false,not_applicable,
pcp_hard_000155,Hard,true,false,false,false,not_applicable,
pcp_hard_000156,Hard,true,false,false,false,not_applicable,
pcp_hard_000157,Hard,true,false,false,false,not_applicable,
pcp_hard_000158,Hard,true,false,false,false,not_applicable,
pcp_hard_000159,Hard,true,false,false,false,not_applicable,
pcp_hard_000160,Hard,true,false,false,false,not_applicable,
pcp_hard_000161,Hard,true,false,false,false,accepted,
pcp_hard_000162,Hard,true,false,false,false,not_applicable,
pcp_hard_000163,Hard,true,false,false,false,not_applicable,
pcp_hard_000164,Hard,true,false,false,false,not_applicable,
pcp_hard_000165,Hard,true,false,false,false,not_applicable,
pcp_hard_000166,Hard,true,false,false,false,not_applicable,
pcp_hard_000167,Hard,true,false,false,false,not_applicable,
pcp_hard_000169,Hard,true,false,false,false,not_applicable,
pcp_hard_000170,Hard,true,false,false,false,not_applicable,
pcp_hard_000171,Hard,true,false,false,false,not_applicable,
pcp_hard_000172,Hard,true,false,false,false,not_applicable,
pcp_hard_000173,Hard,true,false,false,false,not_applicable,
pcp_hard_000174,Hard,true,false,false,false,not_applicable,
pcp_hard_000175,Hard,true,false,false,false,not_applicable,
pcp_hard_000176,Hard,true,false,false,false,not_applicable,
pcp_hard_000177,Hard,true,false,false,false,not_applicable,
pcp_hard_000178,Hard,true,false,false,false,not_applicable,
pcp_hard_000179,Hard,true,false,false,false,not_applicable,
pcp_hard_000180,Hard,true,false,false,false,not_applicable,
pcp_hard_000181,Hard,true,false,false,false,not_applicable,
pcp_hard_000182,Hard,true,false,false,false,not_applicable,
pcp_hard_000183,Hard,true,false,false,false,not_applicable,
pcp_hard_000184,Hard,true,false,false,false,not_applicable,
pcp_hard_000185,Hard,true,false,false,false,not_applicable,
pcp_hard_000186,Hard,true,false,false,false,not_applicable,
pcp_hard_000187,Hard,true,false,false,false,not_applicable,
pcp_hard_000188,Hard,true,false,false,false,not_applicable,
pcp_hard_000189,Hard,true,false,false,false,not_applicable,
pcp_hard_000190,Hard,true,false,false,false,not_applicable,
pcp_hard_000191,Hard,true,false,false,false,not_applicable,
pcp_hard_000192,Hard,true,false,false,false,not_applicable,
pcp_hard_000193,Hard,true,false,false,false,not_applicable,
pcp_hard_000194,Hard,true,false,false,false,not_applicable,
pcp_hard_000195,Hard,true,false,false,false,not_applicable,
pcp_hard_000196,Hard,true,false,false,false,not_applicable,
pcp_hard_000197,Hard,true,false,false,false,not_applicable,
pcp_hard_000198,Hard,true,false,false,false,not_applicable,
pcp_hard_000199,Hard,true,false,false,false,not_applicable,
pcp_hard_000200,Hard,true,false,false,false,not_applicable,
pcp_hard_000201,Hard,true,false,false,false,not_applicable,
pcp_hard_000204,Hard,true,false,false,false,not_applicable,
pcp_hard_000207,Hard,true,false,false,false,not_applicable,
pcp_hard_000209,Hard,true,false,false,false,not_applicable,
pcp_hard_000211,Hard,true,false,false,false,not_applicable,
pcp_hard_000212,Hard,true,false,false,false,not_applicable,
pcp_hard_000214,Hard,true,false,false,false,not_applicable,
pcp_hard_000215,Hard,true,false,false,false,not_applicable,
pcp_hard_000216,Hard,true,false,false,false,not_applicable,
pcp_hard_000217,Hard,true,false,false,false,not_applicable,
pcp_hard_000218,Hard,true,false,false,false,not_applicable,
pcp_hard_000219,Hard,true,false,false,false,not_applicable,
pcp_hard_000220,Hard,true,false,false,false,not_applicable,
pcp_hard_000221,Hard,true,false,false,false,not_applicable,
pcp_hard_000222,Hard,true,false,false,false,not_applicable,
pcp_hard_000223,Hard,true,false,false,false,not_applicable,
pcp_hard_000224,Hard,true,false,false,false,not_applicable,
pcp_hard_000226,Hard,true,false,false,false,not_applicable,
pcp_hard_000227,Hard,true,false,false,false,not_applicable,
pcp_hard_000228,Hard,true,false,false,false,not_applicable,
pcp_hard_000230,Hard,true,false,false,false,not_applicable,
pcp_hard_000231,Hard,true,false,false,false,not_applicable,
pcp_hard_000232,Hard,true,false,false,false,not_applicable,
pcp_hard_000233,Hard,true,false,false,false,not_applicable,
pcp_hard_000234,Hard,true,false,false,false,not_applicable,
pcp_hard_000235,Hard,true,false,false,false,not_applicable,
pcp_hard_000236,Hard,true,false,false,false,not_applicable,
pcp_hard_000237,Hard,true,false,false,false,not_applicable,
pcp_hard_000238,Hard,true,false,false,false,not_applicable,
pcp_hard_000239,Hard,true,false,false,false,not_applicable,
pcp_hard_000240,Hard,true,false,false,false,not_applicable,
pcp_hard_000241,Hard,true,false,false,false,not_applicable,
pcp_hard_000242,Hard,true,false,false,false,not_applicable,
pcp_hard_000243,Hard,true,false,false,false,not_applicable,
pcp_hard_000244,Hard,true,false,false,false,not_applicable,
pcp_hard_000245,Hard,true,false,false,false,not_applicable,
pcp_hard_000246,Hard,true,false,false,false,not_applicable,
pcp_hard_000247,Hard,true,false,false,false,not_applicable,
pcp_hard_000248,Hard,true,false,false,false,not_applicable,
pcp_hard_000249,Hard,true,false,false,false,not_applicable,
pcp_hard_000250,Hard,true,false,false,false,not_applicable,
pcp_hard_000251,Hard,true,false,false,false,not_applicable,
pcp_hard_000252,Hard,true,false,false,false,not_applicable,
pcp_hard_000253,Hard,true,false,false,false,not_applicable,
pcp_hard_000254,Hard,true,false,false,false,not_applicable,
pcp_hard_000255,Hard,true,false,false,false,not_applicable,
pcp_hard_000256,Hard,true,false,false,false,not_applicable,
pcp_hard_000257,Hard,true,false,false,false,not_applicable,
pcp_hard_000258,Hard,true,false,false,false,not_applicable,
pcp_hard_000259,Hard,true,false,false,false,not_applicable,
pcp_hard_000260,Hard,true,false,false,false,not_applicable,
pcp_hard_000261,Hard,true,false,false,false,not_applicable,
pcp_hard_000262,Hard,true,false,false,false,not_applicable,
pcp_hard_000263,Hard,true,false,false,false,not_applicable,
pcp_hard_000264,Hard,true,false,false,false,not_applicable,
pcp_hard_000265,Hard,true,false,false,false,not_applicable,
pcp_hard_000266,Hard,true,false,false,false,not_applicable,
pcp_hard_000267,Hard,true,false,false,false,not_applicable,
pcp_hard_000268,Hard,true,false,false,false,not_applicable,
pcp_hard_000269,Hard,true,false,false,false,not_applicable,
pcp_hard_000270,Hard,true,false,false,false,not_applicable,
pcp_hard_000271,Hard,true,false,false,false,not_applicable,
pcp_hard_000272,Hard,true,false,false,false,not_applicable,
pcp_hard_000273,Hard,true,false,false,false,not_applicable,
pcp_hard_000274,Hard,true,false,false,false,not_applicable,
pcp_hard_000275,Hard,true,false,false,false,not_applicable,
pcp_hard_000276,Hard,true,false,false,false,not_applicable,
pcp_hard_000277,Hard,true,false,false,false,not_applicable,
pcp_hard_000278,Hard,true,false,false,false,not_applicable,
pcp_hard_000279,Hard,true,false,false,false,not_applicable,
pcp_hard_000280,Hard,true,false,false,false,not_applicable,
pcp_hard_000281,Hard,true,false,false,false,not_applicable,
pcp_hard_000282,Hard,true,false,false,false,not_applicable,
pcp_hard_000283,Hard,true,false,false,false,not_applicable,
pcp_hard_000284,Hard,true,false,false,false,not_applicable,
pcp_hard_000285,Hard,true,false,false,false,not_applicable,
pcp_hard_000286,Hard,true,false,false,false,not_applicable,
pcp_hard_000287,Hard,true,false,false,false,not_applicable,
pcp_hard_000288,Hard,true,false,false,false,not_applicable,
pcp_hard_000289,Hard,true,false,false,false,not_applicable,
pcp_hard_000290,Hard,true,false,false,false,not_applicable,
pcp_hard_000291,Hard,true,false,false,false,not_applicable,
pcp_hard_000292,Hard,true,false,false,false,not_applicable,
pcp_hard_000293,Hard,true,false,false,false,not_applicable,
pcp_hard_000294,Hard,true,false,false,false,not_applicable,
pcp_hard_000295,Hard,true,false,false,false,not_applicable,
pcp_hard_000296,Hard,true,false,false,false,not_applicable,
pcp_hard_000297,Hard,true,false,false,false,not_applicable,
pcp_hard_000298,Hard,true,false,false,false,not_applicable,
pcp_hard_000299,Hard,true,false,false,false,not_applicable,
pcp_hard_000300,Hard,true,false,false,false,not_applicable,
pcp_hard_000301,Hard,true,false,false,false,not_applicable,
pcp_hard_000302,Hard,true,false,false,false,not_applicable,
pcp_hard_000303,Hard,true,false,false,false,not_applicable,
pcp_hard_000304,Hard,true,false,false,false,not_applicable,
pcp_hard_000305,Hard,true,false,false,false,not_applicable,
pcp_hard_000306,Hard,true,false,false,false,not_applicable,
pcp_hard_000307,Hard,true,false,false,false,not_applicable,
pcp_hard_000308,Hard,true,false,false,false,not_applicable,
pcp_hard_000309,Hard,true,false,false,false,not_applicable,
pcp_hard_000310,Hard,true,false,false,false,not_applicable,
pcp_hard_000311,Hard,true,false,false,false,not_applicable,
pcp_hard_000312,Hard,true,false,false,false,not_applicable,
pcp_hard_000313,Hard,true,false,false,false,not_applicable,
pcp_hard_000314,Hard,true,false,false,false,not_applicable,
pcp_hard_000315,Hard,true,false,false,false,not_applicable,
pcp_hard_000316,Hard,true,false,false,false,not_applicable,
pcp_hard_000317,Hard,true,false,false,false,not_applicable,
pcp_hard_000318,Hard,true,false,false,false,not_applicable,
pcp_hard_000319,Hard,true,false,false,false,not_applicable,
pcp_hard_000320,Hard,true,false,false,false,not_applicable,
pcp_hard_000321,Hard,true,false,false,false,not_applicable,
pcp_hard_000322,Hard,true,false,false,false,not_applicable,
pcp_hard_000323,Hard,true,false,false,false,not_applicable,
pcp_hard_000324,Hard,true,false,false,false,not_applicable,
pcp_hard_000325,Hard,true,false,false,false,not_applicable,
pcp_hard_000326,Hard,true,false,false,false,not_applicable,
pcp_hard_000327,Hard,true,false,false,false,not_applicable,
pcp_hard_000328,Hard,true,false,false,false,not_applicable,
pcp_hard_000329,Hard,true,false,false,false,not_applicable,
pcp_hard_000330,Hard,true,false,false,false,not_applicable,
pcp_hard_000331,Hard,true,false,false,false,not_applicable,
pcp_hard_000332,Hard,true,false,false,false,not_applicable,
pcp_hard_000333,Hard,true,false,false,false,not_applicable,
pcp_hard_000334,Hard,true,false,false,false,not_applicable,
pcp_hard_000335,Hard,true,false,false,false,not_applicable,
pcp_hard_000336,Hard,true,false,false,false,not_applicable,
pcp_hard_000337,Hard,true,false,false,false,not_applicable,
pcp_hard_000338,Hard,true,false,false,false,not_applicable,
pcp_hard_000339,Hard,true,false,false,false,not_applicable,
pcp_hard_000340,Hard,true,false,false,false,not_applicable,
pcp_hard_000341,Hard,true,false,false,false,not_applicable,
pcp_hard_000342,Hard,true,false,false,false,not_applicable,
pcp_hard_000343,Hard,true,false,false,false,not_applicable,
pcp_hard_000344,Hard,true,false,false,false,not_applicable,
pcp_hard_000345,Hard,true,false,false,false,not_applicable,
pcp_hard_000346,Hard,true,false,false,false,not_applicable,
pcp_hard_000347,Hard,true,false,false,false,not_applicable,
pcp_hard_000349,Hard,true,false,false,false,not_applicable,
pcp_hard_000350,Hard,true,false,false,false,not_applicable,
pcp_hard_000351,Hard,true,false,false,false,not_applicable,
pcp_hard_000352,Hard,true,false,false,false,not_applicable,
pcp_hard_000353,Hard,true,false,false,false,not_applicable,
pcp_hard_000354,Hard,true,false,false,false,not_applicable,
pcp_hard_000355,Hard,true,false,false,false,not_applicable,
pcp_hard_000356,Hard,true,false,false,false,not_applicable,
pcp_hard_000357,Hard,true,false,false,false,not_applicable,
pcp_hard_000358,Hard,true,false,false,false,not_applicable,
pcp_hard_000359,Hard,true,false,false,false,not_applicable,
pcp_hard_000360,Hard,true,false,false,false,not_applicable,
pcp_hard_000361,Hard,true,false,false,false,not_applicable,
pcp_hard_000362,Hard,true,false,false,false,not_applicable,
pcp_hard_000363,Hard,true,false,false,false,not_applicable,
pcp_hard_000364,Hard,true,false,false,false,not_applicable,
pcp_hard_000365,Hard,true,false,false,false,not_applicable,
pcp_hard_000366,Hard,true,false,false,false,not_applicable,
pcp_hard_000367,Hard,true,false,false,false,not_applicable,
pcp_hard_000368,Hard,true,false,false,false,not_applicable,
pcp_hard_000369,Hard,true,false,false,false,not_applicable,
pcp_hard_000370,Hard,true,false,false,false,not_applicable,
pcp_hard_000371,Hard,true,false,false,false,not_applicable,
pcp_hard_000372,Hard,true,false,false,false,not_applicable,
pcp_hard_000373,Hard,true,false,false,false,not_applicable,
pcp_hard_000374,Hard,true,false,false,false,not_applicable,
pcp_hard_000375,Hard,true,false,false,false,not_applicable,
pcp_hard_000376,Hard,true,false,false,false,not_applicable,
pcp_hard_000377,Hard,true,false,false,false,not_applicable,
pcp_hard_000378,Hard,true,false,false,false,not_applicable,
pcp_hard_000379,Hard,true,false,false,false,not_applicable,
pcp_hard_000380,Hard,true,false,false,false,not_applicable,
pcp_hard_000381,Hard,true,false,false,false,not_applicable,
pcp_hard_000382,Hard,true,false,false,false,not_applicable,
pcp_hard_000383,Hard,true,false,false,false,not_applicable,
pcp_hard_000384,Hard,true,false,false,false,not_applicable,
pcp_hard_000385,Hard,true,false,false,false,not_applicable,
pcp_hard_000386,Hard,true,false,false,false,not_applicable,
pcp_hard_000387,Hard,true,false,false,false,not_applicable,
pcp_hard_000388,Hard,true,false,false,false,not_applicable,
pcp_hard_000389,Hard,true,false,false,false,not_applicable,
pcp_hard_000390,Hard,true,false,false,false,not_applicable,
pcp_hard_000391,Hard,true,false,false,false,not_applicable,
pcp_hard_000392,Hard,true,false,false,false,not_applicable,
pcp_hard_000393,Hard,true,false,false,false,not_applicable,
pcp_hard_000394,Hard,true,false,false,false,not_applicable,
pcp_hard_000395,Hard,true,false,false,false,not_applicable,
pcp_hard_000396,Hard,true,false,false,false,not_applicable,
pcp_hard_000397,Hard,true,false,false,false,not_applicable,
pcp_hard_000398,Hard,true,false,false,false,not_applicable,
pcp_hard_000399,Hard,true,false,false,false,not_applicable,
pcp_hard_000400,Hard,true,false,false,false,not_applicable,
pcp_hard_000401,Hard,true,false,false,false,not_applicable,
pcp_hard_000403,Hard,true,false,false,false,not_applicable,
pcp_hard_000404,Hard,true,false,false,false,not_applicable,
pcp_hard_000407,Hard,true,false,false,false,not_applicable,
pcp_hard_000408,Hard,true,false,false,false,accepted,
pcp_hard_000409,Hard,true,false,false,false,not_applicable,
pcp_hard_000410,Hard,true,false,false,false,not_applicable,
pcp_hard_000411,Hard,true,false,false,false,not_applicable,
pcp_hard_000412,Hard,true,false,false,false,not_applicable,
pcp_hard_000413,Hard,true,false,false,false,not_applicable,
pcp_hard_000414,Hard,true,false,false,false,not_applicable,
pcp_hard_000415,Hard,true,false,false,false,not_applicable,
pcp_hard_000416,Hard,true,false,false,false,not_applicable,
pcp_hard_000417,Hard,true,false,false,false,not_applicable,
pcp_hard_000418,Hard,true,false,false,false,not_applicable,
pcp_hard_000419,Hard,true,false,false,false,not_applicable,
pcp_hard_000420,Hard,true,false,false,false,not_applicable,
pcp_hard_000421,Hard,true,false,false,false,not_applicable,
pcp_hard_000422,Hard,true,false,false,false,not_applicable,
pcp_hard_000423,Hard,true,false,false,false,not_applicable,
pcp_hard_000424,Hard,true,false,false,false,not_applicable,
pcp_hard_000425,Hard,true,false,false,false,not_applicable,
pcp_hard_000426,Hard,true,false,false,false,not_applicable,
pcp_hard_000427,Hard,true,false,false,false,not_applicable,
pcp_hard_000428,Hard,true,false,false,false,not_applicable,
pcp_hard_000429,Hard,true,false,false,false,not_applicable,
pcp_hard_000430,Hard,true,false,false,false,not_applicable,
pcp_hard_000431,Hard,true,false,false,false,not_applicable,
pcp_hard_000435,Hard,true,false,false,false,not_applicable,
pcp_hard_000441,Hard,true,false,false,false,not_applicable,
pcp_hard_000442,Hard,true,false,false,false,not_applicable,
pcp_hard_000443,Hard,true,false,false,false,not_applicable,
pcp_hard_000444,Hard,true,false,false,false,not_applicable,
pcp_hard_000445,Hard,true,false,false,false,not_applicable,
pcp_hard_000446,Hard,true,false,false,false,not_applicable,
pcp_hard_000447,Hard,true,false,false,false,not_applicable,
pcp_hard_000448,Hard,true,false,false,false,not_applicable,
pcp_hard_000449,Hard,true,false,false,false,not_applicable,
pcp_hard_000450,Hard,true,false,false,false,not_applicable,
pcp_hard_000451,Hard,true,false,false,false,not_applicable,
pcp_hard_000452,Hard,true,false,false,false,not_applicable,
pcp_hard_000453,Hard,true,false,false,false,not_applicable,
pcp_hard_000454,Hard,true,false,false,false,not_applicable,
pcp_hard_000455,Hard,true,false,false,false,not_applicable,
pcp_hard_000456,Hard,true,false,false,false,not_applicable,
pcp_hard_000457,Hard,true,false,false,false,not_applicable,
pcp_hard_000458,Hard,true,false,false,false,not_applicable,
pcp_hard_000459,Hard,true,false,false,false,not_applicable,
pcp_hard_000460,Hard,true,false,false,false,not_applicable,
pcp_hard_000461,Hard,true,false,false,false,not_applicable,
pcp_hard_000462,Hard,true,false,false,false,not_applicable,
pcp_hard_000463,Hard,true,false,false,false,not_applicable,
pcp_hard_000464,Hard,true,false,false,false,not_applicable,
pcp_hard_000465,Hard,true,false,false,false,not_applicable,
pcp_hard_000466,Hard,true,false,false,false,not_applicable,
pcp_hard_000467,Hard,true,false,false,false,not_applicable,
pcp_hard_000468,Hard,true,false,false,false,not_applicable,
pcp_hard_000469,Hard,true,false,false,false,not_applicable,
pcp_hard_000470,Hard,true,false,false,false,not_applicable,
pcp_hard_000471,Hard,true,false,false,false,not_applicable,
pcp_hard_000472,Hard,true,false,false,false,not_applicable,
pcp_hard_000473,Hard,true,false,false,false,not_applicable,
pcp_hard_000474,Hard,true,false,false,false,not_applicable,
pcp_hard_000475,Hard,true,false,false,false,not_applicable,
pcp_hard_000476,Hard,true,false,false,false,not_applicable,
pcp_hard_000477,Hard,true,false,false,false,not_applicable,
pcp_hard_000478,Hard,true,false,false,false,accepted,
pcp_hard_000479,Hard,true,false,false,false,not_applicable,
pcp_hard_000480,Hard,true,false,false,false,not_applicable,
pcp_hard_000481,Hard,true,false,false,false,not_applicable,
pcp_hard_000482,Hard,true,false,false,false,not_applicable,
pcp_hard_000483,Hard,true,false,false,false,not_applicable,
pcp_hard_000484,Hard,true,false,false,false,not_applicable,
pcp_hard_000485,Hard,true,false,false,false,not_applicable,
pcp_hard_000486,Hard,true,false,false,false,not_applicable,
pcp_hard_000487,Hard,true,false,false,false,not_applicable,
pcp_hard_000489,Hard,true,false,false,false,not_applicable,
pcp_hard_000491,Hard,true,false,false,false,not_applicable,
pcp_hard_000492,Hard,true,false,false,false,not_applicable,
pcp_hard_000493,Hard,true,false,false,false,not_applicable,
pcp_hard_000494,Hard,true,false,false,false,not_applicable,
pcp_hard_000495,Hard,true,false,false,false,not_applicable,
pcp_hard_000496,Hard,true,false,false,false,not_applicable,
pcp_hard_000497,Hard,true,false,false,false,not_applicable,
pcp_hard_000498,Hard,true,false,false,false,not_applicable,
pcp_hard_000499,Hard,true,false,false,false,not_applicable,
pcp_hard_000500,Hard,true,false,false,false,not_applicable,
pcp_real_001,Real-Clean,true,false,false,false,not_applicable,
pcp_real_002,Real-Clean,true,false,false,false,not_applicable,
pcp_real_003,Real-Clean,true,false,false,false,not_applicable,
pcp_real_004,Real-Clean,true,false,false,false,accepted,
pcp_real_005,Real-Clean,true,false,false,false,not_applicable,
pcp_real_006,Real-Clean,true,false,false,false,not_applicable,
pcp_real_008,Real-Clean,true,false,false,false,not_applicable,
pcp_real_012,Real-Clean,true,false,false,false,not_applicable,
pcp_real_013,Real-Clean,true,false,false,false,not_applicable,
pcp_real_014,Real-Clean,true,false,false,false,not_applicable,
pcp_real_016,Real-Clean,true,false,false,false,not_applicable,
pcp_real_018,Real-Clean,true,false,false,false,not_applicable,
pcp_real_019,Real-Clean,true,false,false,false,not_applicable,
pcp_real_020,Real-Clean,true,false,false,false,not_applicable,
pcp_real_021,Real-Clean,true,false,false,false,not_applicable,
pcp_real_022,Real-Clean,true,false,false,false,not_applicable,
pcp_real_024,Real-Clean,true,false,false,false,not_applicable,
pcp_real_025,Real-Clean,true,false,false,false,not_applicable,
pcp_real_027,Real-Clean,true,false,false,false,not_applicable,
pcp_real_029,Real-Clean,true,false,false,false,not_applicable,
pcp_real_031,Real-Clean,true,false,false,false,not_applicable,
pcp_real_032,Real-Clean,true,false,false,false,not_applicable,
pcp_real_033,Real-Clean,true,false,false,false,not_applicable,
pcp_real_036,Real-Clean,true,false,false,false,not_applicable,
pcp_real_037,Real-Clean,true,false,false,false,not_applicable,
pcp_real_038,Real-Clean,true,false,false,false,not_applicable,
pcp_real_039,Real-Clean,true,false,false,false,not_applicable,
pcp_real_040,Real-Clean,true,false,false,false,not_applicable,
pcp_real_041,Real-Clean,true,false,false,false,not_applicable,
pcp_real_042,Real-Clean,true,false,false,false,not_applicable,
pcp_real_043,Real-Clean,true,false,false,false,not_applicable,
pcp_real_044,Real-Clean,true,false,false,false,not_applicable,
pcp_real_045,Real-Clean,true,false,false,false,not_applicable,
pcp_real_046,Real-Clean,true,false,false,false,not_applicable,
pcp_real_047,Real-Clean,true,false,false,false,not_applicable,
pcp_real_050,Real-Clean,true,false,false,false,not_applicable,
pcp_real_051,Real-Clean,true,false,false,false,not_applicable,
pcp_real_052,Real-Clean,true,false,false,false,not_applicable,
pcp_real_053,Real-Clean,true,false,false,false,not_applicable,
pcp_real_055,Real-Clean,true,false,false,false,not_applicable,
pcp_real_056,Real-Clean,true,false,false,false,not_applicable,
pcp_real_057,Real-Clean,true,false,false,false,not_applicable,
pcp_real_058,Real-Clean,true,false,false,false,not_applicable,
pcp_real_059,Real-Clean,true,false,false,false,not_applicable,
pcp_real_060,Real-Clean,true,false,false,false,not_applicable,
pcp_real_061,Real-Clean,true,false,false,false,not_applicable,
pcp_real_062,Real-Clean,true,false,false,false,not_applicable,
pcp_real_063,Real-Clean,true,false,false,false,not_applicable,
pcp_real_069,Real-Clean,true,false,false,false,not_applicable,
pcp_real_070,Real-Clean,true,false,false,false,not_applicable,
pcp_real_072,Real-Clean,true,false,false,false,not_applicable,
pcp_real_075,Real-Clean,true,false,false,false,not_applicable,
pcp_real_076,Real-Clean,true,false,false,false,not_applicable,
pcp_real_077,Real-Clean,true,false,false,false,not_applicable,
pcp_real_078,Real-Clean,true,false,false,false,not_applicable,
pcp_real_079,Real-Clean,true,false,false,false,not_applicable,
pcp_real_080,Real-Clean,true,false,false,false,not_applicable,
pcp_real_081,Real-Clean,true,false,false,false,not_applicable,
pcp_real_082,Real-Clean,true,false,false,false,not_applicable,
pcp_real_083,Real-Clean,true,false,false,false,not_applicable,
pcp_real_084,Real-Clean,true,false,false,false,not_applicable,
pcp_real_086,Real-Clean,true,false,false,false,not_applicable,
pcp_real_087,Real-Clean,true,false,false,false,not_applicable,
pcp_real_088,Real-Clean,true,false,false,false,not_applicable,
